0001	en-us	name	Dr. Anaïs Moreau and Mr. João da Silva met in São Paulo last spring.	dˈɑːktɚ. ˈænɐˌiːz mˈɔːɹaʊ ænd mˈɪstɚ. dʒˈoʊoʊ dˈɑː sˈɪlvə mˈɛt ɪn sˈaʊ pˈɔːloʊ lˈæst spɹˈɪŋ. 
0002	en-us	name	Colonel Sanders, Queen Elizabeth II, and Saint Teresa all used titles.	kˈɜːnəl sˈændɚz, kwˈiːn ᵻlˈɪzəbəθ ɹˌoʊmən tˈuː, ænd sˈeɪnt tɚɹˈiːsə ˈɔːl jˈuːzd tˈaɪɾəlz. 
0003	en-us	name	O'Brien, García-Márquez, and Ngozi discussed the merger over coffee.	oʊbɹˈaɪən, ɡˈɑːɹʃəmˈɑːɹkɛz, ænd əŋɡˈoʊzi dɪskˈʌst ðə mˈɜːdʒɚɹ ˌoʊvɚ kˈɔfi. 
0004	en-us	honorific	Ms. Dalloway, Dr. Watson, and Prof. Higgins arrived at noon.	mˈɪz dˈæləwˌeɪ, dˈɑːktɚ. wˈɑːtsən, ænd pɹˈɑːf. hˈɪɡɪnz ɚɹˈaɪvd æt nˈuːn. 
0005	en-us	honorific	Mrs. Danvers, Mr. Bean, and Sgt. Pepper asked for directions.	mˈɪsɪz. dˈænvɚz, mˈɪstɚ. bˈiːn, ænd ˌɛsdʒˌiːtˈiː. pˈɛpɚɹ ˈæskt fɔːɹ dᵻɹˈɛkʃənz. 
0006	en-us	honorific	Rev. King, Capt. Ahab, and Gen. Lee signed the letter.	ɹˈɛv. kˈɪŋ, kˈæpt. ˈeɪhæb, ænd dʒˈɛn. lˈiː sˈaɪnd ðə lˈɛɾɚ. 
0007	en-us	abbreviation	She read e.g. the first chapter, i.e. page 5, and noted the etc.	ʃiː ɹˈiːd ˈiː.dʒˈiː. ðə fˈɜːst tʃˈæptɚ, ˈaɪ.ˈiː. pˈeɪdʒ fˈaɪv, ænd nˈoʊɾᵻd ðɪ ɛtsˈɛtɹə. 
0008	en-us	abbreviation	The U.S. and U.K. delegations met at approx. 8 a.m. ET.	ðə jˈuː.ˈɛs. ænd jˈuː.kˈeɪ. dˌɛlɪɡˈeɪʃənz mˈɛt æɾ ɐpɹˈɑːks. ˈeɪt ˈeɪ.ˈɛm. ˈɛt. 
0009	en-us	abbreviation	Cf. appendix B: the fig. shows vol. 2, no. 3.	sˌiːˈɛf. ɐpˈɛndɪks bˈiː: ðə fˈɪɡ. ʃˈoʊz vˈɑːl. tˈuː, nˈoʊ. θɹˈiː. 
0010	en-us	number	There were 1,204,567 people; 3.14159 is pi; and 0.5% is half.	ðɛɹwˌɜː wˈʌn mˈɪliən tˈuːhˈʌndɹɪd fˈɔːɹ θˈaʊzənd fˈaɪvhˈʌndɹɪd sˈɪksti sˈɛvən pˈiːpəl; θɹˈiː pɔɪnt wˈʌn fˈɔːɹ wˈʌn fˈaɪv nˈaɪn ɪz pˈaɪ; ænd zˈiəɹoʊ.  fˈaɪv pɚsˈɛnt ɪz hˈæf 
0011	en-us	number	Temperatures hit -40 degrees, then rose 15.5 degrees by 9:45.	tˈɛmpɹɪtʃɚz hˈɪt mˈaɪnəs fˈɔːɹɾi dᵻɡɹˈiːz, ðˈɛn ɹˈoʊz fˈɪftiːn pɔɪnt fˈaɪv dᵻɡɹˈiːz baɪ nˈaɪn:fˈɔːɹɾi fˈaɪv. 
0012	en-us	number	The odds were 3 to 1, the answer 42, and 007 is Bond's number.	ðɪ ˈɑːdz wɜː θɹˈiː tə wˈʌn, ðɪ ˈænsɚ fˈɔːɹɾi tˈuː, ænd zˈiəɹoʊzˈiəɹoʊ sˈɛvən ɪz bˈɑːndz nˈʌmbɚ. 
0013	en-us	date	On 3/4/2024, or March 4th 2024, they met; it was the 21st of May.	ˌɔn θɹˈiː slˈæʃ fˈɔːɹ slˈæʃ tˈuː θˈaʊzənd twˈɛnti fˈɔːɹ, ɔːɹ mˈɑːɹtʃ fˈɔːɹθ tˈuː θˈaʊzənd twˈɛnti fˈɔːɹ, ðeɪ mˈɛt; ɪt wʌzðə twˈɛnti fˈɜːst ʌv mˈeɪ. 
0014	en-us	date	By Dec. 25, 1999, the 2nd ed. was due; it shipped 06/07/2000.	baɪ dˈɛk. twˈɛnti fˈaɪv, nˈaɪntiːnhˈʌndɹɪd nˈaɪnti nˈaɪn, ðə sˈɛkənd ˈɛd. wʌz dˈuː; ɪt ʃˈɪpt zˈiəɹoʊ sˈɪks slˈæʃ zˈiəɹoʊ sˈɛvən slˈæʃ tˈuː θˈaʊzənd. 
0015	en-us	date	The 1800s, the '90s, and 2024 C.E. all appear in the timeline.	ðə wˈʌn θˈaʊzənd ˈeɪthˈʌndɹɪd z, ðə nˈaɪnti z, ænd tˈuː θˈaʊzənd twˈɛnti fˈɔːɹ sˈiː.ˈiː. ˈɔːl ɐpˈɪɹ ɪnðə tˈaɪmlaɪn. 
0016	en-us	currency	It cost $1,234.56, or €99.95, or £50.	ɪt kˈɔst dˈɑːlɚ wˈʌn θˈaʊzənd tˈuːhˈʌndɹɪd θˈɜːɾi fˈɔːɹ pɔɪnt fˈaɪv sˈɪks, ɔːɹ jˈʊɹɹoʊz nˈaɪnti nˈaɪn pɔɪnt nˈaɪn fˈaɪv, ɔːɹ pˈaʊnd fˈɪfti. 
0017	en-us	currency	Prices rose from ¥10,000 to ¥12,500, and ₹750 became ₹900.	pɹˈaɪsᵻz ɹˈoʊz fɹʌm jˈɛn tˈɛn θˈaʊzənd tə jˈɛn twˈɛlv θˈaʊzənd fˈaɪvhˈʌndɹɪd, ænd ɹˈuːpiː sˈɛvənhˈʌndɹɪd fˈɪfti bɪkˌeɪm ɹˈuːpiː nˈaɪnhˈʌndɹɪd. 
0018	en-us	currency	He tipped 15% on a $45.00 bill and saved 20¢.	hiː tˈɪpt fˈɪftiːn pɚsˈɛnt ˌɔn ɐ dˈɑːlɚ fˈɔːɹɾi fˈaɪv.  zˈiəɹoʊ zˈiəɹoʊ bˈɪl ænd sˈeɪvd twˈɛnti sˈɛnts 
0019	en-us	measurement	The room was 12 ft by 8 m; it weighed 2.5 kg and held 3 L.	ðə ɹˈuːm wʌz twˈɛlv ˌɛftˈiː baɪ ˈeɪt ˈɛm; ɪt wˈeɪd tˈuː.  fˈaɪv kˌeɪdʒˈiː ænd hˈɛld θɹˈiː ˈɛl 
0020	en-us	measurement	Drive 5 mi north, then 300 m east; the parcel weighs 1 lb 4 oz.	dɹˈaɪv fˈaɪv mˈaɪ nˈɔːɹθ, ðˈɛn θɹˈiːhˈʌndɹɪd ˈɛm ˈiːst; ðə pˈɑːɹsəl wˈeɪz wˈʌn ˌɛlbˈiː fˈɔːɹ ˈɑːz. 
0021	en-us	measurement	It runs at 98.6°F, 3.5 mph, and draws 60 W.	ɪt ɹˈʌnz æt nˈaɪnti ˈeɪt pɔɪnt sˈɪks dᵻɡɹˈiːz ˈɛf, θɹˈiː pɔɪnt fˈaɪv ˌɛmpˌiːˈeɪtʃ, ænd dɹˈɔːz sˈɪksti dˈʌbəljˌuː. 
0022	en-us	roman-numeral	Chapter IV begins at line xlii; King Henry VIII ruled.	tʃˈæptɚ ɹˌoʊmən fˈɔːɹ bɪɡˈɪnz æt lˈaɪn ɹˌoʊmən fˈɔːɹɾi tˈuː; kˈɪŋ hˈɛnɹi ɹˌoʊmən ˈeɪt ɹˈuːld. 
0023	en-us	roman-numeral	Louis XIV met Elizabeth II; Pope Pius XII watched.	lˈuːi ɹˌoʊmən fˈɔːɹtiːn mˈɛt ᵻlˈɪzəbəθ ɹˌoʊmən tˈuː; pˈoʊp pˈaɪəs ɹˌoʊmən twˈɛlv wˈɑːtʃt. 
0024	en-us	roman-numeral	Section 2.b, subsection iii, paragraph XIX was revoked.	sˈɛkʃən tˈuː.bˈiː, sʌbsˈɛkʃən ɹˌoʊmən θɹˈiː, pˈæɹəɡɹˌæf ɹˌoʊmən nˈaɪntiːn wʌz ɹᵻvˈoʊkt. 
0025	en-us	dialogue	He said, "I can't — well, I won't." She replied, "Will you?"	hiː sˈɛd, "aɪ kˈænt — wˈɛl, aɪ wˈoʊnt." ʃiː ɹᵻplˈaɪd, "wˈɪl juː?" 
0026	en-us	dialogue	"Mind the gap," he said. "Mind it... every single time."	"mˈaɪnd ðə ɡˈæp," hiː sˈɛd. "mˈaɪnd ɪt... ˈɛvɹi sˈɪŋɡəl tˈaɪm." 
0027	en-us	dialogue	— You came? — I did. And I brought the tickets, of course.	— juː kˈeɪm? — aɪ dˈɪd. ænd aɪ bɹˈɔːt ðə tˈɪkɪts, ʌv kˈɔːɹs. 
0028	en-us	heading	CHAPTER ONE: An Unexpected Party	tʃˈæptɚ wˌʌn: ɐn ˌʌnɛkspˈɛktᵻd pˈɑːɹɾi 
0029	en-us	heading	PART TWO — The Road Goes Ever On	pˈɑːɹt tˈuː — ðə ɹˈoʊd ɡoʊz ˈɛvɚɹ ˈɔn 
0030	en-us	heading	Appendix A: Pronunciation Guide	ɐpˈɛndɪks ˈeɪ: pɹənˌʌnsɪˈeɪʃən ɡˈaɪd 
0031	en-us	footnote	See note 1 for details.¹	sˈiː nˈoʊt wˈʌn fɔːɹ diːtˈeɪlz.wˈʌn 
0032	en-us	footnote	The claim is disputed.² Other scholars disagree.³	ðə klˈeɪm ɪz dɪspjˈuːɾᵻd.tˈuː ˈʌðɚ skˈɑːlɚz dˌɪsɐɡɹˈiː.θɹˈiː 
0033	en-us	footnote	As shown in Table 2†, the trend holds.‡	æz ʃˈoʊn ɪn tˈeɪbəl tˈuː, ðə tɹˈɛnd hˈoʊldz. 
0034	en-us	page-furniture	Page 42 of 320 — continued from previous — end of chapter.	pˈeɪdʒ fˈɔːɹɾi tˈuː ʌv θɹˈiːhˈʌndɹɪd twˈɛnti — kəntˈɪnjuːd fɹʌm pɹˈiːviəs — ˈɛnd ʌv tʃˈæptɚ. 
0035	en-us	page-furniture	p. 137 of 512, lines 8-19, running head: The Fellowship	pˈiː. wˈʌnhˈʌndɹɪd θˈɜːɾi sˈɛvən ʌv fˈaɪvhˈʌndɹɪd twˈɛlv, lˈaɪnz ˈeɪt dˈæʃ nˈaɪntiːn, ɹˈʌnɪŋ hˈɛd: ðə fˈɛloʊʃˌɪp 
0036	en-us	page-furniture	Page 89 — blank in the original — see p. 90.	pˈeɪdʒ ˈeɪɾi nˈaɪn — blˈæŋk ɪnðɪ ɚɹˈɪdʒɪnəl — sˈiː pˈiː. nˈaɪnti. 
0037	en-us	url-code	Visit https://example.com/path?q=1&x=2 or email a@b.co.	vˈɪzɪt ˌeɪtʃtˌiːtˈiːpˌiːˈɛs:slˈæʃslæʃ ɛɡzˈæmpəl.kˈɑːm slˈæʃ pˈæθ?kjˈuː ˈiːkwəlz wˈʌn ænd ˈɛks ˈiːkwəlz tˈuː ɔːɹ ˈiːmeɪl ɐ æt bˈiː.kˈoʊ. 
0038	en-us	url-code	The variable x_1 equals foo(bar, 2); if (a && b) return;	ðə vˈɛɹɪəbəl ˈɛks wˈʌn ˈiːkwəlz fˈuː(bˈɑːɹ, tˈuː); ɪf (ɐ ˈændænd bˈiː) ɹᵻtˈɜːn; 
0039	en-us	url-code	Run npm run build --watch, or open C:\Users\doc\README.md.	ɹˈʌn ˌɛnpˌiːˈɛm ɹˈʌn bˈɪld wˈɑːtʃ, ɔːɹ ˈoʊpən sˈiː:bˈækslæʃ jˈuːzɚz bˈækslæʃ dˈɑːk bˈækslæʃ ɹˈiːdmiː.ˌɛmdˈiː. 
0040	en-us	long-paragraph	The library had changed since his childhood, and not only in the way that all places change. Shelves that once held his grandfather's sermons now carried paperbacks with cracked spines, and the reading room smelled of damp plaster instead of pipe smoke. He walked the aisles slowly, pulling one book, then another, remembering which volumes his mother had read aloud on winter evenings. At the reference desk a woman answered a question about microfilm with a patience that made the hours feel deliberate. He found the town records at last, bound in green cloth, and sat down where the light was best. When he looked up, the windows had gone dark, and the janitor was waiting politely with his keys.	ðə lˈaɪbɹɛɹi hæd tʃˈeɪndʒd sˈɪns hɪz tʃˈaɪldhʊd, ænd nˌɑːt ˈoʊnli ɪnðə wˈeɪ ðæt ˈɔːl plˈeɪsᵻz tʃˈeɪndʒ. ʃˈɛlvz ðæt wˈʌns hˈɛld hɪz ɡɹˈændfɑːðɚz sˈɜːmənz nˈaʊ kˈæɹid pˈeɪpɚbˌæks wɪð kɹˈækt spˈaɪnz, ænd ðə ɹˈiːdɪŋ ɹˈuːm smˈɛld ʌv dˈæmp plˈæstɚ ɪnstˈɛd ʌv pˈaɪp smˈoʊk. hiː wˈɔːkt ðɪ ˈaɪəlz slˈoʊli, pˈʊlɪŋ wˈʌn bˈʊk, ðˈɛn ɐnˈʌðɚ, ɹᵻmˈɛmbɚɹɪŋ wˌɪtʃ vˈɑːljuːmz hɪz mˈʌðɚ hæd ɹˈɛd ɐlˈaʊd ˌɔn wˈɪntɚɹ ˈiːvnɪŋz. æt ðə ɹˈɛfɹəns dˈɛsk ɐ wˈʊmən ˈænsɚd ɐ kwˈɛstʃən ɐbˌaʊt mˈaɪkɹoʊfˌɪlm wɪð ɐ pˈeɪʃəns ðæt mˌeɪd ðɪ ˈaʊɚz fˈiːl dᵻlˈɪbɚɹət. hiː fˈaʊnd ðə tˈaʊn ɹˈɛkɚdz æt lˈæst, bˈaʊnd ɪn ɡɹˈiːn klˈɔθ, ænd sˈæt dˌaʊn wˌɛɹ ðə lˈaɪt wʌz bˈɛst. wˌɛn hiː lˈʊkt ˈʌp, ðə wˈɪndoʊz hæd ɡɔn dˈɑːɹk, ænd ðə dʒˈænɪɾɚ wʌz wˈeɪɾɪŋ pəlˈaɪtli wɪð hɪz kˈiːz. 
0041	en-us	long-paragraph	The harbor wakes slowly in February, before the fish trucks and long before the tourists. Gulls argue over the pilings, and the first ferry grumbles in from the island with its lights still on. Old Andersson waves from the wheelhouse the way he has for thirty years, though nobody on the dock remembers when he started. The coffee stand opens at five, and the regulars claim they can smell the difference between Thursday's grind and Saturday's. By six the ice house is running, and the whole quay smells of diesel, salt, and newsprint. It is not a scene anyone photographs, which is precisely why it endures.	ðə hˈɑːɹbɚ wˈeɪks slˈoʊli ɪn fˈɛbɹuːˌɛɹi, bᵻfˌɔːɹ ðə fˈɪʃ tɹˈʌks ænd lˈɔŋ bᵻfˌɔːɹ ðə tˈʊɹɹɪsts. ɡˈʌlz ˈɑːɹɡjuː ˌoʊvɚ ðə pˈaɪlɪŋz, ænd ðə fˈɜːst fˈɛɹi ɡɹˈʌmbəlz ɪn fɹʌmðɪ ˈaɪlənd wɪð ɪts lˈaɪts stˈɪl ˈɔn. ˈoʊld ˈændɚsən wˈeɪvz fɹʌmðə wˈiːlhaʊs ðə wˈeɪ hiː hɐz fɔːɹ θˈɜːɾi jˈɪɹz, ðˌoʊ nˈoʊbɑːdi ɔnðə dˈɑːk ɹᵻmˈɛmbɚz wɛn hiː stˈɑːɹɾᵻd. ðə kˈɔfi stˈænd ˈoʊpənz æt fˈaɪv, ænd ðə ɹˈɛɡjʊlɚz klˈeɪm ðeɪ kæn smˈɛl ðə dˈɪfɹəns bᵻtwˌiːn θˈɜːzdeɪz ɡɹˈaɪnd ænd sˈæɾɚdˌeɪz. baɪ sˈɪks ðɪ ˈaɪs hˈaʊs ɪz ɹˈʌnɪŋ, ænd ðə hˈoʊl kˈiː smˈɛlz ʌv dˈiːzəl, sˈɔlt, ænd nˈuːzpɹɪnt. ɪɾ ɪz nˌɑːɾə sˈiːn ˈɛnɪwˌʌn fˈoʊɾəɡɹˌæfz, wˌɪtʃ ɪz pɹɪsˈaɪsli wˌaɪ ɪɾ ɛndˈʊɹz. 
0042	en-us	long-paragraph	Consider what a letter had to survive to reach its reader in the eighteen-forties. It waited for the mail coach, then for the steam packet, then for a carrier's cart over roads that dissolved into soup at the first rain. It might be read aloud twice at a crossroads inn before walking its last ten miles. The recipient paid by the sheet, so writers crossed their pages at right angles to double the words. Replies took weeks, and that slowness shaped the sentences themselves, which apologized in advance for their own delay. We call the result formal; it was really honest bookkeeping with distance.	kənsˈɪdɚ wʌt ɐ lˈɛɾɚ hædtə sɚvˈaɪv tə ɹˈiːtʃ ɪts ɹˈiːdɚɹ ɪnðɪ ˈeɪtiːnfˈɔːɹɾiz. ɪt wˈeɪɾᵻd fɚðə mˈeɪl kˈoʊtʃ, ðˈɛn fɚðə stˈiːm pˈækɪt, ðˈɛn fɚɹə kˈæɹiɚz kˈɑːɹt ˌoʊvɚ ɹˈoʊdz ðæt dɪsˈɑːlvd ˌɪntʊ sˈuːp æt ðə fˈɜːst ɹˈeɪn. ɪt mˌaɪt biː ɹˈɛd ɐlˈaʊd twˈaɪs æɾə kɹˈɔsɹoʊdz ˈɪn bᵻfˌɔːɹ wˈɔːkɪŋ ɪts lˈæst tˈɛn mˈaɪlz. ðə ɹᵻsˈɪpiənt pˈeɪd baɪ ðə ʃˈiːt, sˌoʊ ɹˈaɪɾɚz kɹˈɔst ðɛɹ pˈeɪdʒᵻz æt ɹˈaɪt ˈæŋɡəlz tə dˈʌbəl ðə wˈɜːdz. ɹᵻplˈaɪz tˈʊk wˈiːks, ænd ðæt slˈoʊnəs ʃˈeɪpt ðə sˈɛntənsᵻz ðɛmsˈɛlvz, wˌɪtʃ ɐpˈɑːlədʒˌaɪzd ɪn ɐdvˈæns fɔːɹ ðɛɹ ˈoʊn dᵻlˈeɪ. wiː kˈɔːl ðə ɹɪzˈʌlt fˈɔːɹməl; ɪt wʌz ɹˈiəli ˈɑːnɪst bˈʊkkiːpɪŋ wɪð dˈɪstəns. 
0043	en-us	speed-transition	Wait — no. That's... that's not right. Stop. Look. Go!	wˈeɪt — nˈoʊ. ðˈæts... ðæts nˌɑːt ɹˈaɪt. stˈɑːp. lˈʊk. ɡˈoʊ! 
0044	en-us	speed-transition	One. Two... three? No — four. Four, four, four.	wˌʌn. tˈuː... θɹˈiː? nˈoʊ — fˈɔːɹ. fˈɔːɹ, fˈɔːɹ, fˈɔːɹ. 
0045	en-us	speed-transition	He stopped. Turned. The road was gone. Gone.	hiː stˈɑːpt. tˈɜːnd. ðə ɹˈoʊd wʌz ɡˈɔn. ɡˈɔn. 
0046	en-gb	name	Dr. Priya Nair and Mr. Alistair MacLeod met in Edinburgh last spring.	dˈɒktə. pɹˈɪjə nˈeə and mˈɪstə. ˈalɪstˌeə mˈak lˈaʊd mˈɛt ɪn ˈɛdɪnbʌɹə lˈast spɹˈɪŋ. 
0047	en-gb	name	Smythe, O'Connell, and Featherstonehaugh discussed the matter over tea.	smˈaɪð, əʊkˈɒnəl, and fˈɛðəstˌəʊnhɔː dɪskˈʌst ðə mˈatəɹ ˌəʊvə tˈiː. 
0048	en-gb	name	Che Guevara, Florence Nightingale, and Saint Paul all appear in the index.	tʃˈiː ɡɛvˈɑːɹə, flˈɒɹəns nˈaɪtɪŋɡˌeɪl, and sˈeɪnt pˈɔːl ˈɔːl ɐpˈiəɹ ɪnðɪ ˈɪndɛks. 
0049	en-gb	honorific	Miss Havisham, Ms. Jones, and Dame Agatha arrived at noon.	mˈɪs hˈavɪʃəm, mˈɪz dʒˈəʊnz, and dˈeɪm ˈaɡɐθəɹ ɐɹˈaɪvd at nˈuːn. 
0050	en-gb	honorific	Mrs. Danvers, Mr. Darcy, and Rev. Collins argued about the estate.	mˈɪsɪz. dˈanvəz, mˈɪstə. dˈɑːsi, and ɹˈɛv. kˈɒlɪnz ˈɑːɡjuːd ɐbˌaʊt ðɪ ɪstˈeɪt. 
0051	en-gb	honorific	Sir Toby, Lady Bracknell, and Dr. Johnson signed the petition.	sˌɜː tˈəʊbi, lˈeɪdi bɹaknˈɛl, and dˈɒktə. dʒˈɒnsən sˈaɪnd ðə pətˈɪʃən. 
0052	en-gb	abbreviation	She read e.g. the first chapter, i.e. page 5, and noted the etc.	ʃiː ɹˈiːd ˈiː.dʒˈiː. ðə fˈɜːst tʃˈaptə, ˈaɪ.ˈiː. pˈeɪdʒ fˈaɪv, and nˈəʊtɪd ðɪ ɛtsˈɛtɹə. 
0053	en-gb	abbreviation	The BBC and ITV broadcast at approx. 9 p.m. GMT.	ðə bˌiːbˌiːsˈiː and ˌaɪtˌiːvˈiː bɹˈɔːdkast at ɐpɹˈɒks. nˈaɪn pˈiː.ˈɛm. dʒˌiːˌɛmtˈiː. 
0054	en-gb	abbreviation	Cf. appendix B: the fig. shows vol. II, no. 3.	sˌiːˈɛf. ɐpˈɛndɪks bˈiː: ðə fˈɪɡ. ʃˈəʊz vˈɒl. ɹˌəʊmən tˈuː, nˈəʊ. θɹˈiː. 
0055	en-gb	number	There were 1,204,567 people; 3.14159 is pi; and 0.5% is half.	ðeəwˌɜː wˈɒn mˈɪliən tˈuːhˈʌndɹɪdən fˈɔː θˈaʊzənd fˈaɪvhˈʌndɹɪdən sˈɪksti sˈɛvən pˈiːpəl; θɹˈiː pɔɪnt wˈɒn fˈɔː wˈɒn fˈaɪv nˈaɪn ɪz pˈaɪ; and zˈiəɹəʊ.  fˈaɪv pəsˈɛnt ɪz hˈɑːf 
0056	en-gb	number	The match ended 2-1 before 76,212 fans; a 4th straight win.	ðə mˈatʃ ˈɛndɪd tˈuː dˈaʃ wˈɒn bɪfˌɔː sˈɛvənti sˈɪks θˈaʊzənd tˈuːhˈʌndɹɪdən twˈɛlv fˈanz; ɐ fˈɔːθ stɹˈeɪt wˈɪn. 
0057	en-gb	number	He scored 99.5 per cent and lost 8 of 9 frames in the snooker.	hiː skˈɔːd nˈaɪnti nˈaɪn.  fˈaɪv pə sˈɛnt and lˈɒst ˈeɪt ɒv nˈaɪn fɹˈeɪmz ɪnðə snˈuːkə 
0058	en-gb	date	On 3/4/2024, or 4 March 2024, they met; it was the 21st of May.	ˌɒn θɹˈiː slˈaʃ fˈɔː slˈaʃ tˈuː θˈaʊzənd ən twˈɛnti fˈɔː, ɔː fˈɔː mˈɑːtʃ tˈuː θˈaʊzənd ən twˈɛnti fˈɔː, ðeɪ mˈɛt; ɪt wʌzðə twˈɛnti fˈɜːst ɒv mˈeɪ. 
0059	en-gb	date	The festival ran 5th-9th June; the bank holiday fell on 26 August 2024.	ðə fˈɛstɪvəl ɹˈan fˈɪfθ nˈaɪnθ dʒˈuːn; ðə bˈaŋk hˈɒlɪdˌeɪ fˈɛl ˌɒn twˈɛnti sˈɪks ˈɔːɡəst tˈuː θˈaʊzənd ən twˈɛnti fˈɔː. 
0060	en-gb	date	On 11 November 1918 the armistice was signed; the 1910s had ended long before.	ˌɒn ɪlˈɛvən nəʊvˈɛmbə nˈaɪntiːnhˈʌndɹɪdən ˈeɪtiːn ðɪ ˈɑːmɪstɪs wɒz sˈaɪnd; ðə nˈaɪntiːnhˈʌndɹɪdən tˈɛn z had ˈɛndɪd lˈɒŋ bɪfˈɔː. 
0061	en-gb	currency	It cost £1,234.56, or €99.95, or $50.	ɪt kˈɒst pˈaʊnd wˈɒn θˈaʊzənd tˈuːhˈʌndɹɪdən θˈɜːti fˈɔː pɔɪnt fˈaɪv sˈɪks, ɔː jˈʊəɹəʊz nˈaɪnti nˈaɪn pɔɪnt nˈaɪn fˈaɪv, ɔː dˈɒlə fˈɪfti. 
0062	en-gb	currency	The flask cost 45p, the ticket £12.50, and the book £8.99.	ðə flˈask kˈɒst fˈɔːti fˈaɪv pˈiː, ðə tˈɪkɪt pˈaʊnd twˈɛlv pɔɪnt fˈaɪv zˈiəɹəʊ, and ðə bˈʊk pˈaʊnd ˈeɪt.  nˈaɪnti nˈaɪn 
0063	en-gb	currency	VAT added 20%: the bill went from £85 to £102.	vˌiːˌeɪtˈiː ˈadɪd twˈɛnti pəsˈɛnt: ðə bˈɪl wɛnt fɹɒm pˈaʊnd ˈeɪti fˈaɪv tə pˈaʊnd wˈɒnhˈʌndɹɪdən tˈuː. 
0064	en-gb	measurement	The room was 12 ft by 8 m; it weighed 2.5 kg and held 3 L.	ðə ɹˈuːm wɒz twˈɛlv ˌɛftˈiː baɪ ˈeɪt ˈɛm; ɪt wˈeɪd tˈuː.  fˈaɪv kˌeɪdʒˈiː and hˈɛld θɹˈiː ˈɛl 
0065	en-gb	measurement	Drive 5 miles north, then 300 m east; the parcel weighs 14 st 2 lb.	dɹˈaɪv fˈaɪv mˈaɪlz nˈɔːθ, ðˈɛn θɹˈiːhˈʌndɹɪd ˈɛm ˈiːst; ðə pˈɑːsəl wˈeɪz fˈɔːtiːn sənt tˈuː ˌɛlbˈiː. 
0066	en-gb	measurement	It runs at 37°C, 60 mph, and draws 60 W.	ɪt ɹˈʌnz at θˈɜːti sˈɛvən dɪɡɹˈiːz sˈiː, sˈɪksti ˌɛmpˌiːˈeɪtʃ, and dɹˈɔːz sˈɪksti dˈʌbəljˌuː. 
0067	en-gb	roman-numeral	Chapter IV begins at line xlii; King Henry VIII ruled.	tʃˈaptə ɹˌəʊmən fˈɔː bɪɡˈɪnz at lˈaɪn ɹˌəʊmən fˈɔːti tˈuː; kˈɪŋ hˈɛnɹi ɹˌəʊmən ˈeɪt ɹˈuːld. 
0068	en-gb	roman-numeral	Edward VII and George VI followed Victoria; Elizabeth II outlasted them all.	ˈɛdwəd ɹˌəʊmən sˈɛvən and dʒˈɔːdʒ vˌiːˈaɪ fˈɒləʊd vɪktˈɔːɹiə; ɪlˈɪzəbəθ ɹˌəʊmən tˈuː aʊtlˈastɪd ðˌɛm ˈɔːl. 
0069	en-gb	roman-numeral	Section 2.b, subsection iii, paragraph XIX was revoked.	sˈɛkʃən tˈuː.bˈiː, sʌbsˈɛkʃən ɹˌəʊmən θɹˈiː, pˈaɹəɡɹˌaf ɹˌəʊmən nˈaɪntiːn wɒz ɹɪvˈəʊkt. 
0070	en-gb	dialogue	He said, "I can't — well, I shan't." She replied, "Will you?"	hiː sˈɛd, "aɪ kˈɑːnt — wˈɛl, aɪ ʃˈɑːnt." ʃiː ɹɪplˈaɪd, "wˈɪl juː?" 
0071	en-gb	dialogue	"Mind the gap," he said. "Mind it... every single time."	"mˈaɪnd ðə ɡˈap," hiː sˈɛd. "mˈaɪnd ɪt... ˈɛvɹɪ sˈɪŋɡəl tˈaɪm." 
0072	en-gb	dialogue	— You came, then? — I did. And I brought the tickets, naturally.	— juː kˈeɪm, ðˈɛn? — aɪ dˈɪd. and aɪ bɹˈɔːt ðə tˈɪkɪts, nˈatʃəɹəli. 
0073	en-gb	heading	CHAPTER ONE: An Unexpected Party	tʃˈaptə wˌɒn: ɐn ˌʌnɛkspˈɛktɪd pˈɑːti 
0074	en-gb	heading	BOOK TWO — The Ring Goes South	bˈʊk tˈuː — ðə ɹˈɪŋ ɡəʊz sˈaʊθ 
0075	en-gb	heading	Appendix A: A Note on Currency	ɐpˈɛndɪks ˈeɪ: ɐ nˈəʊt ˌɒn kˈʌɹənsi 
0076	en-gb	footnote	See note 1 for details.¹	sˈiː nˈəʊt wˈɒn fɔː dˈiːteɪlz.wˈɒn 
0077	en-gb	footnote	The claim is disputed.² Other scholars disagree.³	ðə klˈeɪm ɪz dɪspjˈuːtɪd.tˈuː ˈʌðə skˈɒləz dˌɪsɐɡɹˈiː.θɹˈiː 
0078	en-gb	footnote	As shown in Table 2†, the trend holds.‡	az ʃˈəʊn ɪn tˈeɪbəl tˈuː, ðə tɹˈɛnd hˈəʊldz. 
0079	en-gb	page-furniture	Page 42 of 320 — continued from previous — end of chapter.	pˈeɪdʒ fˈɔːti tˈuː ɒv θɹˈiːhˈʌndɹɪdən twˈɛnti — kəntˈɪnjuːd fɹɒm pɹˈiːviəs — ˈɛnd ɒv tʃˈaptə. 
0080	en-gb	page-furniture	p. 137 of 512, lines 8-19, running head: The Fellowship	pˈiː. wˈɒnhˈʌndɹɪdən θˈɜːti sˈɛvən ɒv fˈaɪvhˈʌndɹɪdən twˈɛlv, lˈaɪnz ˈeɪt dˈaʃ nˈaɪntiːn, ɹˈʌnɪŋ hˈɛd: ðə fˈɛləʊʃˌɪp 
0081	en-gb	page-furniture	Page 89 — blank in the original — see p. 90.	pˈeɪdʒ ˈeɪti nˈaɪn — blˈaŋk ɪnðɪ əɹˈɪdʒɪnəl — sˈiː pˈiː. nˈaɪnti. 
0082	en-gb	url-code	Visit https://example.co.uk/path?q=1&x=2 or email a@b.co.	vˈɪzɪt ˌeɪtʃtˌiːtˈiːpˌiːˈɛs:slˈaʃslaʃ ɛɡzˈampəl.kˈəʊ.jˌuːkˈeɪ slˈaʃ pˈaθ?kjˈuː ˈiːkwəlz wˈɒn and ˈɛks ˈiːkwəlz tˈuː ɔːɹ ˈiːmeɪl ɐ at bˈiː.kˈəʊ. 
0083	en-gb	url-code	The variable colour_count equals foo(bar, 2); if (a && b) return;	ðə vˈeəɹɪəbəl kˈʌlə kˈaʊnt ˈiːkwəlz fˈuː(bˈɑː, tˈuː); ɪf (ɐ ˈandand bˈiː) ɹɪtˈɜːn; 
0084	en-gb	url-code	Run make all && make install, or see /usr/local/share/doc/README.	ɹˈʌn mˌeɪk ˈɔːl ˈandand mˌeɪk ɪnstˈɔːl, ɔː sˈiː slˈaʃ ˈʌsə slˈaʃ lˈəʊkəl slˈaʃ ʃˈeə slˈaʃ dˈɒk slˈaʃ ɹˈiːdmiː. 
0085	en-gb	long-paragraph	The fog came off the moor shortly after three, and by four the village had disappeared entirely. Mrs. Hutton insisted she could hear the church bell, though nobody else could, and she repeated this to anyone who would stand still long enough. The bus from Sheffield did not run, for the driver had telephoned to say the road past the reservoir was impassable. In the wool shop two women argued quietly about whether the vicar had done right to cancel the evening service. By six the lamps were lit, though their light scarcely reached beyond the posts they stood on. It was, the postmaster wrote in his diary, the thickest he had seen in forty-one years.	ðə fˈɒɡ kˈeɪm ˈɒf ðə mˈʊə ʃˈɔːtli ˈaftə θɹˈiː, and baɪ fˈɔː ðə vˈɪlɪdʒ had dˌɪsɐpˈiəd ɛntˈaɪəli. mˈɪsɪz. hˈʌtən ɪnsˈɪstɪd ʃiː kʊd hˈiə ðə tʃˈɜːtʃ bˈɛl, ðˌəʊ nˈəʊbɒdi ˈɛls kˈʊd, and ʃiː ɹɪpˈiːtɪd ðɪs tʊ ˈɛnɪwˌɒn hˌuː wʊd stˈand stˈɪl lˈɒŋ ɪnˈʌf. ðə bˈʌs fɹɒm ʃˈɛfiːld dɪdnˌɒt ɹˈʌn, fəðə dɹˈaɪvə had tˈɛlɪfˌəʊnd tə sˈeɪ ðə ɹˈəʊd pˈast ðə ɹˈɛzəvwˌɑː wɒz ɪmpˈasəbəl. ɪnðə wˈʊl ʃˈɒp tˈuː wˈɪmɪn ˈɑːɡjuːd kwˈaɪətli ɐbˌaʊt wˈɛðə ðə vˈɪkə had dˈʌn ɹˈaɪt tə kˈansəl ðɪ ˈiːvnɪŋ sˈɜːvɪs. baɪ sˈɪks ðə lˈamps wɜː lˈɪt, ðˌəʊ ðeə lˈaɪt skˈeəsli ɹˈiːtʃt bɪjˌɒnd ðə pˈəʊsts ðeɪ stˈʊd ˈɒn. ɪt wˈɒz, ðə pˈəʊstmastə ɹˈəʊt ɪn hɪz dˈaɪəɹi, ðə θˈɪkɪst hiː had sˈiːn ɪn fˈɔːtiwˈɒn jˈiəz. 
0086	en-gb	long-paragraph	Nothing in the house worked as the guidebook promised, and this became the holiday's chief pleasure. The boiler knocked at half past four every morning like a steward rousing a camp. The piano in the hall played one flat note, always F sharp, in whatever key was attempted. Guests learned to bring torches, then to stop minding, then to prefer the dark staircase to the lit one. By the third evening the young barman knew every name, and the manageress had given up apologising for the wifi. One could not have bought that week with a fortnight at a hotel that functioned.	nˈʌθɪŋ ɪnðə hˈaʊs wˈɜːkt az ðə ɡˈaɪdbʊk pɹˈɒmɪst, and ðɪs bɪkˌeɪm ðə hˈɒlɪdˌeɪz tʃˈiːf plˈɛʒə. ðə bˈɔɪlə nˈɒkt at hˈɑːf pˈast fˈɔːɹ ˈɛvɹɪ mˈɔːnɪŋ lˈaɪk ɐ stjˈuːəd ɹˈaʊzɪŋ ɐ kˈamp. ðə piˈanəʊ ɪnðə hˈɔːl plˈeɪd wˈɒn flˈat nˈəʊt, ˈɔːlweɪz ˈɛf ʃˈɑːp, ɪn wɒtˈɛvə kˈiː wɒz ɐtˈɛmptɪd. ɡˈɛsts lˈɜːnd tə bɹˈɪŋ tˈɔːtʃɪz, ðˈɛn tə stˈɒp mˈaɪndɪŋ, ðˈɛn tə pɹɪfˈɜː ðə dˈɑːk stˈeəkeɪs tə ðə lˈɪt wˌɒn. baɪ ðə θˈɜːd ˈiːvnɪŋ ðə jˈʌŋ bˈɑːmən njˈuː ˈɛvɹɪ nˈeɪm, and ðə mˌanɪdʒəɹˈɛs had ɡˈɪvən ˌʌp ɐpˈɒlədʒˌaɪzɪŋ fəðə wˈaɪfaɪ. wˈɒn kʊd nˌɒtɐv bˈɔːt ðat wˈiːk wɪð ɐ fˈɔːtnaɪt atə həʊtˈɛl ðat fˈʌŋkʃənd. 
0087	en-gb	long-paragraph	Cricket explains England better than most of its novels, though this is not the compliment it sounds. The game teaches a person to stand in a field for six hours awaiting a moment that lasts two seconds, and to find the arrangement entirely reasonable. Rain stops play, and the crowd accepts this with the patience of people who have waited for worse buses. Tea is taken as seriously as the score. A draw is remembered fondly for decades, like a war recounted from the comfortable side. Visitors find the whole business opaque, and the English rather like that too.	kɹˈɪkɪt ɛksplˈeɪnz ˈɪŋɡlənd bˈɛtə ðɐn mˈəʊst əv ɪts nˈɒvəlz, ðˌəʊ ðɪs ɪz nˌɒt ðə kˈɒmplɪmənt ɪt sˈaʊndz. ðə ɡˈeɪm tˈiːtʃɪz ɐ pˈɜːsən tə stˈand ɪn ɐ fˈiːld fɔː sˈɪks ˈaʊəz ɐwˈeɪtɪŋ ɐ mˈəʊmənt ðat lˈasts tˈuː sˈɛkəndz, and tə fˈaɪnd ðɪ ɐɹˈeɪndʒmənt ɛntˈaɪəli ɹˈiːzənəbəl. ɹˈeɪn stˈɒps plˈeɪ, and ðə kɹˈaʊd ɐksˈɛpts ðɪs wɪððə pˈeɪʃəns ɒv pˈiːpəl hˌuː hav wˈeɪtɪd fɔː wˈɜːs bˈʌsɪz. tˈiː ɪz tˈeɪkən az sˈiəɹiəsli az ðə skˈɔː. ɐ dɹˈɔː ɪz ɹɪmˈɛmbəd fˈɒndli fɔː dˈɛkeɪdz, lˈaɪk ɐ wˈɔː ɹɪkˈaʊntɪd fɹʌmðə kˈʌmftəbəl sˈaɪd. vˈɪzɪtəz fˈaɪnd ðə hˈəʊl bˈɪznəs əʊpˈeɪk, and ðɪ ˈɪŋɡlɪʃ ɹˈɑːðə lˈaɪk ðat tˈuː. 
0088	en-gb	speed-transition	Wait — no. That's... that's not right. Stop. Look. Go!	wˈeɪt — nˈəʊ. ðˈats... ðats nˌɒt ɹˈaɪt. stˈɒp. lˈʊk. ɡˈəʊ! 
0089	en-gb	speed-transition	One. Two... three? No — four. Four, four, four.	wˌɒn. tˈuː... θɹˈiː? nˈəʊ — fˈɔː. fˈɔː, fˈɔː, fˈɔː. 
0090	en-gb	speed-transition	He stopped. Turned. The lane was gone. Gone.	hiː stˈɒpt. tˈɜːnd. ðə lˈeɪn wɒz ɡˈɒn. ɡˈɒn. 
0091	es	name	La Dra. Ibáñez y el Sr. Quiroga se conocieron en Sevilla un martes.	la ðoktˈoɾa. iβˈaɲeθ i el seɲˈoɾ. kiɾˈoɣa se kˌonoθjˈeɾon en seβˈiʎa ˈun mˈaɾtes. 
0092	es	name	Ángel Muñoz, Peña Nieto y la viuda de Arratia firmaron el acuerdo.	ˈaŋxel muɲˈoθ, pˈeɲa njˈeto i la βjˈuða ðe arˈatja fiɾmˈaɾon el akwˈeɾðo. 
0093	es	name	El coronel Sanders, la reina Isabel II y Santa Teresa usaban títulos.	el kˌoɾonˈel sandˈeɾs, la rˈeɪna ˌisaβˈel ðˈos i sˈanta teɾˈesa usˈaβan tˈitulos. 
0094	es	honorific	Sra. Delgado, Dr. Vidal y Srta. Rivas llegaron al mediodía.	seɲˈoɾa. delɣˈaðo, doktˈoɾ. biðˈal i sˌeɲoɾˈita. rˈiβas ʎeɣˈaɾon al mˌeðjoðˈia. 
0095	es	honorific	El Sr. Ortega preguntó a la Prof. Salas por el Dr. García.	el seɲˈoɾ. oɾtˈeɣa pɾˌeɣuntˈo a la pɾˈof. sˈalas poɾ el ðoktˈoɾ. ɡaɾθˈia. 
0096	es	abbreviation	Leyó p. ej. el primer capítulo, es decir, la pág. 5, y anotó el etc.	leʝˈo pˈe. exˈemplo. el pɾimˈeɾ kapˈitulo, ˈes ðeθˈiɾ, la pˈaɡ. θˈinko, i ˌanotˈo el etθˈeteɾa. 
0097	es	abbreviation	Los EE. UU. y el Reino Unido se reunieron aprox. a las 8 a. m.	los ˈee. ˈuu. i el rˈeɪno unˈiðo se reʊnjˈeɾon ˌapɾoksimˈaðamˈente. a las ˈotʃo ˈa. ˈɛme. 
0098	es	number	Había 1.204.567 personas; 3,14159 es pi; y 0,5 % es la mitad.	aβˈia ˈunmiʝˈon dosθjˈentos kwˈatɾo mˈil kinjˈɛntos sɛsˌɛntaisjˈete peɾsˈonas; tɾˈes komˌakatˈoɾθe mˈil θjˈento θinkwˌɛntainwˈeβe ˈes pˈi; i θˈeɾo kˌoma θˈinko poɾθjˈɛnto ˈes la mitˈad. 
0099	es	number	La temperatura bajó a −5 grados y subió 2,5 grados hacia las 9:45.	la tˌempeɾatˈuɾa βaxˈo a (en)mˈaɪnəs(es) θˈinko ɣɾˈaðos i suβjˈo ðˈos koma θˈinko ɣɾˈaðos ˌaθja las nwˈeβe:kwaɾˌɛntaiθˈinko. 
0100	es	number	La probabilidad era de 3 a 1, la respuesta 42, y 0,5 % es medio punto.	la pɾˌoβaβˌiliðˈað ˈeɾa ðe tɾˈes a ˈuno, la respwˈesta kwaɾˌɛntaiðˈos, i θˈeɾo kˌoma θˈinko poɾθjˈɛnto ˈes mˈeðjo pˈunto. 
0101	es	date	El 3/4/2024, o el 4 de marzo de 2024, se vieron; era el 21 de mayo.	el tɾˈes βˈara kwˈatɾo βˈara ðˈos mˈil βeɪntikwˈatɾo, o el kwˈatɾo ðe mˈaɾθo ðe ðˈos mˈil βeɪntikwˈatɾo, se βjˈeɾon; ˈeɾa el βˌeɪntiˈuno ðe mˈaʝo. 
0102	es	date	El 25 de diciembre de 1999 salió la 2.ª edición.	el βˌeɪntiθˈinko ðe ðiθjˈembɾe ðe mˈil nˌoβeθjˈɛntos noβˌɛntainwˈeβe saljˈo la ðˈos.ˈa ˌeðiθjˈon. 
0103	es	date	En 1999, el 25/12, llegó la segunda edición; el 21/5 la tercera.	en mˈil nˌoβeθjˈɛntos noβˌɛntainwˈeβe, el βˌeɪntiθˈinko βˈara ðˈoθe, ʎeɣˈo la seɣˈunda ˌeðiθjˈon; el βˌeɪntiˈuno βˈara θˈinko la teɾθˈeɾa. 
0104	es	currency	Costaba 1.234,56 $, o 99,95 €, o 50 £.	kostˈaβa mˈil dosθjˈentos tɾˌeɪntaikwˈatɾo kˌoma θinkwˌɛntaisˈeɪs ðˈolaɾ, o noβˌɛntainwˈeβe kˌoma noβˌɛntaiθˈinko ˈeʊɾo, o θinkwˈɛnta lˈiβɾas. 
0105	es	currency	Dejó una propina del 15 % sobre 45 € y ahorró 20 céntimos.	dexˈo ˈuna pɾopˈina ðel kˈinθe poɾθjˈɛnto sˌoβɾe kwaɾˌɛntaiθˈinko ˈeʊɾo i ˌaorˈo βˈeɪnte θˈentimos. 
0106	es	currency	El precio subió de 1.234,56 $ a 1.300 € en un mes.	el pɾˈeθjo suβjˈo ðe ˈuno.  dosθjˈentos tɾˌeɪntaikwˈatɾo kˌoma θinkwˌɛntaisˈeɪs ðˈolaɾ a mˈil tɾesθjˈentos ˈeʊɾo en ˈun mˈes 
0107	es	measurement	La sala medía 12 pies por 8 m; pesaba 2,5 kg y cabían 3 l.	la sˈala meðˈia ðˈoθe pjˈes poɾ ˈotʃo ˈɛme; pesˈaβa ðˈos koma θˈinko kˌiloɣɾˈamo i kaβˈian tɾˈes ˈɛle. 
0108	es	measurement	Condujo 5 km al norte a 90 km/h con 36 °C a la sombra.	kondˈuxo θˈinko kˌaˈɛme al nˈoɾte a noβˈɛnta kˌaˈɛme βˈara ˈatʃe kon tɾˌeɪntaisˈeɪs ɣɾˈaðos θˈe a la sˈombɾa. 
0109	es	measurement	Pesaba 14 st 2 lb y corría a 6 mph.	pesˈaβa katˈoɾθe ˌesetˈe ðˈos ˌeleβˈe i korˈia a sˈeɪs ˌemepˌeˈatʃe. 
0110	es	roman-numeral	El capítulo IV empieza en la línea xlii; el rey Felipe VI gobierna.	el kapˈitulo kwˈatɾo empjˈeθa en la lˈinea kwaɾˌentaiðˈos; el rˈeɪ felˈipe βˈi ɣoβjˈeɾna. 
0111	es	roman-numeral	Véase el apartado 2.b, subapartado iii, párrafo XIX.	bˈease el ˌapaɾtˈaðo ðˈos.bˈe, sˌuβapaɾtˈaðo tɾˈes, pˈarafo ðjˌeθinwˈeβe. 
0112	es	roman-numeral	Luis XIV conoció a Isabel II; el papa Pío XII lo observó.	luˈis katˈoɾθe kˌonoθjˈo a ˌisaβˈel ðˈos; el pˈapa pˈio ðˈoθe lo ˌoβseɾβˈo. 
0113	es	dialogue	Dijo: «No puedo — bueno, no quiero». Ella respondió: «¿Lo harás?»	dˈixo: «nˈo pwˈeðo — bwˈeno, nˈo kjˈeɾo». ˈeʎa rˌespondjˈo: «¿lo aɾˈas?» 
0114	es	dialogue	«Cuidado», dijo él. «Cuidado... siempre, siempre.»	«kwiðˈaðo», dˈixo ˈel. «kwiðˈaðo... sjˈempɾe, sjˈempɾe.» 
0115	es	dialogue	— ¿Viniste? —Vine. Y traje las entradas, claro.	— ¿binˈiste? —bˈine. i tɾˈaxe las entɾˈaðas, klˈaɾo. 
0116	es	heading	CAPÍTULO UNO: Una fiesta inesperada	kapˈitulo ˈuno: ˈuna fjˈesta ˌinespeɾˈaða 
0117	es	heading	PARTE SEGUNDA — El camino continúa	pˈaɾte seɣˈunda — el kamˈino kˌontinˈua 
0118	es	heading	Apéndice A: Guía de pronunciación	apˈendiθe ˈa: ɡˈia ðe pɾˌonunθjaθjˈon 
0119	es	footnote	Véase la nota 1 para más detalles.¹	bˈease la nˈota ˈuno pˌaɾa mˈas ðetˈaʎes.ˈuno 
0120	es	footnote	La afirmación está discutida.² Otros estudiosos discrepan.³	la ˌafiɾmaθjˈon estˈa ðˌiskutˈiða.dˈos ˈotɾos ˌestuðjˈosos ðiskɾˈepan.tɾˈes 
0121	es	footnote	Como muestra la tabla 2†, la tendencia se mantiene.‡	kˌomo mwˈestɾa la tˈaβla ðˈos, la tendˈɛnθja se mantjˈene. 
0122	es	page-furniture	Página 42 de 320 — continuación de la anterior — fin del capítulo.	pˈaxina kwaɾˌɛntaiðˈos ðe tɾesθjˈentos βˈeɪnte — kˌontinwaθjˈon de la ˌanteɾjˈoɾ — fˈin del kapˈitulo. 
0123	es	page-furniture	Pág. 137 de 512, líneas 8-19, cabecera: La Comunidad	pˈaɡ. θjˈento tɾˌeɪntaisjˈete ðe kinjˈɛntos ðˈoθe, lˈineas ˈotʃo ðjˌɛθinwˈeβe, kˌaβeθˈeɾa: la kˌomuniðˈad 
0124	es	page-furniture	Página 89 — en blanco en el original — véase la pág. 90.	pˈaxina otʃˌɛntainwˈeβe — em blˈanko en el ˌoɾixinˈal — bˈease la pˈaɡ. noβˈɛnta. 
0125	es	url-code	Visite https://example.com/ruta?q=1&x=2 o escriba a a@b.co.	bisˈite ˌatʃetˌetˈepˌeˈɛse:bˌaraβˈara eksˈample.kˈom bˈara rˈuta?kˈu iɣwˈal ˈuno ˌampɛɾsˈant ˈɛkis iɣwˈal ðˈos o eskɾˈiβa a a arˈoβa βˈe.kˈo. 
0126	es	url-code	La variable x_1 equivale a foo(bar, 2); if (a && b) return;	la βaɾjˈaβle ˈɛkis ˈuno ˌekiβˈale a fˈoo(bˈaɾ, dˈos); ˈif (a ˌampeɾsˈantampeɾsˈant βˈe) retˈuɾn; 
0127	es	url-code	Ejecute npm run build --watch, o abra C:\Users\doc\README.md.	ˌexekˈute ˌenepˌeˈɛme rˈum bwˈild wˈattʃ, o ˈaβɾa θˈe:usˈeɾs ðˈok reˈadme.ˌemeðˈe. 
0128	es	long-paragraph	La casa de la calle Ronda llevaba años cerrada cuando los empleados del ayuntamiento la abrieron por error. Dentro, el polvo cubría todo con una pátina gris, y los muebles conservaban todavía la forma de sus dueños. En la mesa había dos tazas y un periódico del doce de octubre de mil novecientos sesenta y dos. Nadie supo explicar qué había sido del último inquilino, aunque las vecinas tenían teorías de todas clases. El tiempo en aquella casa no había pasado: se había quedado sentado a esperar, igual que los muebles. Cuando cerraron la puerta, la calle recuperó su silencio de siempre y las teorías crecieron un poco más.	la kˈasa ðe la kˈaʎe rˈonda ʎeβˈaβa ˈaɲos θerˈaða kwˌando los ˌempleˈaðos ðel ˌaʝuntamjˈɛnto la ˌaβɾiˈeɾom poɾ erˈoɾ. dˈɛntɾo, el pˈolβo kuβɾˈia tˈoðo kon ˈuna pˈatina ɣɾˈis, i los mwˈeβles kˌonseɾβˈaβan tˌoðaβˈia la fˈoɾma ðe sus dwˈeɲos. en la mˈesa aβˈia ðˈos tˈaθas i ˈum peɾjˈoðiko ðel ðˈoθe ðe oktˈuβɾe ðe mˈil nˌoβeθjˈɛntos sesˈɛnta i ðˈos. nˈaðje sˈupo ˌeksplikˈaɾ kˈe aβˈia sˈiðo ðel ˈultimo ˌinkilˈino, ˌaʊnke las βeθˈinas tenˈian tˌeoɾˈias ðe tˈoðas klˈases. el tjˈempo en akˈeʎa kˈasa nˈo aβˈia pasˈaðo: se aβˈia keðˈaðo sentˈaðo a ˌespeɾˈaɾ, iɣwˈal ke los mwˈeβles. kwˌando θerˈaɾon la pwˈeɾta, la kˈaʎe rˌekupeɾˈo su silˈɛnθjo ðe sjˈempɾe i las tˌeoɾˈias kɾeθjˈeɾon ˈum pˈoko mˈas. 
0129	es	long-paragraph	El mercado Central abre a las cinco, cuando los camiones aún rugen en la acera. Los pescadores descargan las cajas y los compradores del primer turno eligen con ojo clínico. El vendedor de naranjas grita los precios como si fueran noticia de última hora. Hacia las ocho llega la gente con tiempo, y el mercado baja medio punto de velocidad. Al mediodía el calor espanta a los dubitativos y los puestos se rinden hasta la tarde. Es un rito que no figura en ninguna guía, y por eso mismo dura.	el meɾkˈaðo θentɾˈal ˈaβɾe a las θˈinko, kwˌando los kamjˈones aˈun rˈuxen en la aθˈeɾa. los pˌeskaðˈoɾes ðeskˈaɾɣan las kˈaxas i los kˌompɾaðˈoɾes ðel pɾimˈeɾ tˈuɾno elˈixen kon ˈoxo klˈiniko. el βˌendeðˈoɾ ðe naɾˈaŋxas ɣɾˈita los pɾˈeθjos kˌomo si fwˈeɾan notˈiθja ðe ˈultima ˈoɾa. ˌaθja las ˈotʃo ʎˈeɣa la xˈɛnte kon tjˈempo, i el meɾkˈaðo βˈaxa mˈeðjo pˈunto ðe βˌeloθiðˈad. al mˌeðjoðˈia el kalˈoɾ espˈanta a los ðˌuβitatˈiβos i los pwˈestos se rˈinden ˌasta la tˈaɾðe. ˈes ˈun rˈito ke nˈo fiɣˈuɾa en niŋɡˈuna ɣˈia, i poɾ ˈeso mˈismo ðˈuɾa. 
0130	es	speed-transition	Espera — no. Eso... eso no está bien. Para. Mira. ¡Vamos!	espˈeɾa — nˈo. ˈeso... ˈeso nˈo estˈa βjˈen. pˈaɾa. mˈiɾa. ¡bˈamos! 
0131	es	speed-transition	Uno. Dos... ¿tres? No — cuatro. Cuatro, cuatro, cuatro.	ˈuno. dˈos... ¿tɾˈes? nˈo — kwˈatɾo. kwˈatɾo, kwˈatɾo, kwˈatɾo. 
0132	fr-fr	name	Le Dr Moreau et M. da Silva se sont rencontrés à Paris un mardi.	lə- doktˈøʁ moʁˈo e ˈɛm. dˈa silvˈa sə- sɔ̃ ʁɑ̃kɔ̃tʁˈez a paʁˈi œ̃ maʁdˈi. 
0133	fr-fr	name	D'Artagnan, Mme de Sévigné et Saint Bernard auraient aimé ce café.	daʁtanjˈɑ̃, madˈam də- sevinjˈe e sˈɛ̃ bɛʁnˈaʁ oʁˈɛt ɛmˈe sə- kafˈe. 
0134	fr-fr	name	Le colonel Dupont, la reine Élisabeth II et saint Antoine sont cités.	lə- kolonˈɛl dypˈɔ̃, la- ʁˈɛn (en)ɪlˈɪseɪbəθ(fr) dø ʁomˈɛ̃ e sˈɛ̃ ɑ̃twˈan sˈɔ̃ sitˈe. 
0135	fr-fr	honorific	Mme Dalloway, Dr Watson et M. Higgins arrivèrent à midi.	madˈam (en)dˈaləwˌeɪ(fr), doktˈøʁ (en)wˈɒtsən(fr) e ˈɛm. iɡˈɛ̃z aʁivˈɛʁt a midˈi. 
0136	fr-fr	honorific	Mlle Rose, M. le maire et le Prof. Lefèvre signèrent le registre.	madmwazˈɛl ʁˈɔz, ˈɛm. lə- mˈɛʁ e lə- pʁˈɔf. ləfˈɛvʁ sinjˈɛʁ lə- ʁəʒˈistʁ. 
0137	fr-fr	abbreviation	Elle lut p. ex. le premier chapitre, c.-à-d. la p. 5, et nota le etc.	ɛl lˈy pˈe. ˈɛks. lə- pʁəmjˈe ʃapˈitʁ, sˈe.adˈe. la- pˈe. sˈɛ̃k, e notˈa lə- ɛtseteʁˈa. 
0138	fr-fr	abbreviation	Les É.-U. et le R.-U. se sont réunis vers 8 h du matin.	le-z ˌəaksɑ̃tɛɡˈy.ˈy. e lə- ˈɛʁ.ˈy. sə- sɔ̃ ʁeynˈi vɛʁ yˈit ˈaʃ dy- matˈɛ̃. 
0139	fr-fr	number	Il y avait 1 204 567 personnes ; 3,14159 est pi ; et 0,5 % est la moitié.	il i avˈɛt œ̃ miljˈɔ̃ døsɑ̃ katʁ mˈil sɛ̃ksɑ̃ swasɑ̃tsˈɛt pɛʁsˈɔn ; tʁwa viʁɡylkatɔʁz mil sɑ̃ sɛ̃kɑ̃tnˈœf ɛ pˈi ; e zeʁo viʁɡyl sˈɛ̃k puʁsˈɑ̃ ɛ la- mwatjˈe. 
0140	fr-fr	number	La température est tombée à −5 degrés, puis montée de 2,5 degrés vers 9 h 45.	la- tɑ̃peʁatˈyʁ ɛ tɔ̃bˈe a (en)mˈaɪnəs(fr) sˈɛ̃k dəɡʁˈe, pyˈi mɔ̃tˈe də- dø viʁɡyl sˈɛ̃k dəɡʁˈe vɛʁ nˈœf ˈaʃ kaʁɑ̃tsˈɛ̃k. 
0141	fr-fr	number	La cote était de 3 contre 1, la réponse 42, et 0,5 % est une moitié.	la- kˈɔt etˈɛ də- tʁwˈa kɔ̃tʁ ˈœ̃, la- ʁepˈɔ̃s kaʁɑ̃tdˈø, e zeʁo viʁɡyl sˈɛ̃k puʁsˈɑ̃ ɛt yn mwatjˈe. 
0142	fr-fr	date	Le 3/4/2024, ou le 4 mars 2024, ils se sont vus ; c'était le 21 mai.	lə- tʁwˈa kˈatʁ dø mil vɛ̃tkˈatʁ, u lə- kˈatʁ mˈaʁs dø mil vɛ̃tkˈatʁ, il sə- sɔ̃ vˈy ; setˈɛ lə- vɛ̃teˈœ̃ mˈɛ. 
0143	fr-fr	date	Le 25 décembre 1999, la 2e édition est parue ; le 21/5, la troisième.	lə- vɛ̃tsˈɛ̃k desˈɑ̃bʁ mil nœfsɑ̃ katʁəvɛ̃diznˈœf, la- dˈø ˈə edisjˈɔ̃ ɛ paʁˈy ; lə- vɛ̃teˈœ̃ sˈɛ̃k, la- tʁwazjˈɛm. 
0144	fr-fr	date	Dans les années 1990, le 25/12, tout fermait ; en 2024, plus rien.	dɑ̃ le-z anˈe mil nœfsɑ̃ katʁəvɛ̃dˈis, lə- vɛ̃tsˈɛ̃k dˈuz, tu fɛʁmˈɛ ; ɑ̃ dø mil vɛ̃tkˈatʁ, ply ʁjˈɛ̃. 
0145	fr-fr	currency	Cela coûtait 1 234,56 $, ou 99,95 €, ou 50 £.	səlˌa kutˈɛ mˈil døsɑ̃ tʁɑ̃tkatʁ viʁɡyl sɛ̃kɑ̃tsˈi dɔlˈaʁ, u katʁəvɛ̃diznœf viʁɡyl katʁəvɛ̃kˈɛ̃z əʁˈo, u sɛ̃kˈɑ̃t lˈivʁ. 
0146	fr-fr	currency	Pourboire de 15 % sur 45 €, et 20 centimes économisés.	puʁbwˈaʁ də- kˈɛ̃z puʁsˈɑ̃ syʁ kaʁɑ̃tsˈɛ̃k əʁˈo, e vˈɛ̃ sɑ̃tˈimz ekonomizˈe. 
0147	fr-fr	currency	Le prix est passé de 1 234,56 € à 1 400 € en un an.	lə- pʁˈi ɛ pasˈe də- mˈil døsɑ̃ tʁɑ̃tkatʁ viʁɡyl sɛ̃kɑ̃tsˈiz əʁˌo a mˈil katʁsˈɑ̃ əʁˌo ɑ̃n œ̃n ˈɑ̃. 
0148	fr-fr	measurement	La salle faisait 12 pieds sur 8 m ; elle pesait 2,5 kg et tenait 3 l.	la- sˈal fəzˈɛ dˈuz pjˈe syʁ yˈit ˈɛm ; ɛl pəzˈɛ dø viʁɡyl sˈɛ̃k kilɔɡʁˈam e tənˈɛ tʁwˈa ˈɛl. 
0149	fr-fr	measurement	Roulez 5 km au nord à 90 km/h par 36 °C à l'ombre.	ʁulˈe sˈɛ̃k kilomˈɛtʁ o nˈɔʁ a katʁəvɛ̃dˈi kilomˈɛtʁ ˈaʃ paʁ tʁɑ̃tsˈi dəɡʁˈe sˈe a lˈɔ̃bʁ. 
0150	fr-fr	measurement	Il pesait 90 kg et courait à 15 km/h par 20 °C.	il pəzˈɛ katʁəvɛ̃dˈi kilɔɡʁˈam e kuʁˈɛt a kˈɛ̃z kilomˈɛtʁ ˈaʃ paʁ vˈɛ̃ dəɡʁˈe sˈe. 
0151	fr-fr	roman-numeral	Le chapitre IV commence à la ligne xlii ; Louis XIV a régné.	lə- ʃapˈitʁ katʁ ʁomˈɛ̃ kɔmˈɑ̃s a la- lˈiɲ iksljˈi ; lwˈi katɔʁz ʁomˈɛ̃ a ʁenjˈe. 
0152	fr-fr	roman-numeral	Voir la section 2.b, sous-section iii, paragraphe XIX.	vwˈaʁ la- sɛksjˈɔ̃ dˈø.bˈe, susɛksjˈɔ̃ jjˈi, paʁaɡʁˈaf diznœf ʁomˈɛ̃. 
0153	fr-fr	roman-numeral	Louis XVI a rencontré Élisabeth II ; le pape Pie XII a observé.	lwˈi sɛz ʁomˈɛ̃ a ʁɑ̃kɔ̃tʁˈe (en)ɪlˈɪseɪbəθ(fr) dø ʁomˈɛ̃ ; lə- pˈap pˈi duz ʁomˈɛ̃ a ɔbsɛʁvˈe. 
0154	fr-fr	dialogue	Il dit : « Je ne peux pas — enfin, je ne veux pas. » Elle répondit : « Voulez-vous ? »	il dˈi : « ʒə- nə- pˈø pˈa — ɑ̃fˈɛ̃, ʒə- nə- vˈø pˈa. » ɛl ʁepɔ̃dˈi : « vulˈevˈu ? » 
0155	fr-fr	dialogue	« Attention », dit-il. « Attention... toujours, toujours. »	« atɑ̃sjˈɔ̃ », dˈitˈil. « atɑ̃sjˈɔ̃... tuʒˈuʁ, tuʒˈuʁ. » 
0156	fr-fr	dialogue	— Vous êtes venu ? — Je suis venu. Et j'ai pris les billets, évidemment.	— vuz ɛt vənˈy ? — ʒə- syˌi vənˈy. e ʒe pʁˈi le- bijˈɛ, evidamˈɑ̃. 
0157	fr-fr	heading	CHAPITRE PREMIER : Une fête inattendue	ʃapˈitʁ pʁəmjˈe : yn fˈɛt inatɑ̃dˈy 
0158	fr-fr	heading	DEUXIÈME PARTIE — La route continue	døzjˈɛm paʁtˈi — la- ʁˈut kɔ̃tinˈy 
0159	fr-fr	heading	Annexe A : Guide de prononciation	anˈɛks ˈa : ɡˈid də- pʁonɔ̃sjasjˈɔ̃ 
0160	fr-fr	footnote	Voir la note 1 pour les détails.¹	vwˈaʁ la- nˈɔt ˈœ̃ puʁ le- detˈaj.ˈœ̃ 
0161	fr-fr	footnote	L'affirmation est contestée.² D'autres chercheurs diffèrent.³	lafiʁmasjˈɔ̃ ɛ kɔ̃tɛstˈe.pyisˈɑ̃s dˈø dotʁ ʃɛʁʃˈœʁ difˈɛʁ.pyisɑ̃s tʁwˈa 
0162	fr-fr	footnote	Comme le montre le tableau 2†, la tendance se confirme.‡	kɔm lə- mˈɔ̃tʁ lə- tablˈo dˈø, la- tɑ̃dˈɑ̃s sə- kɔ̃fˈiʁm. 
0163	fr-fr	page-furniture	Page 42 sur 320 — suite de la précédente — fin du chapitre.	pˈaʒ kaʁɑ̃tdˈø syʁ tʁwasɑ̃ vˈɛ̃ — syˈit də- la- pʁesedˈɑ̃t — fˈɛ̃ dy- ʃapˈitʁ. 
0164	fr-fr	page-furniture	P. 137 sur 512, lignes 8-19, titre courant : La Communauté	pˈe. sɑ̃ tʁɑ̃tsˈɛt syʁ sɛ̃ksɑ̃ dˈuz, lˈinj yˈi diznˈœf, tˈitʁ kuʁˈɑ̃ : la- kɔmynotˈe 
0165	fr-fr	page-furniture	Page 89 — blanche dans l'original — voir p. 90.	pˈaʒ katʁəvɛ̃nˈœf — blˈɑ̃ʃ dɑ̃ loʁiʒinˈal — vwˈaʁ pˈe. katʁəvɛ̃dˈis. 
0166	fr-fr	url-code	Visitez https://example.com/chemin?q=1&x=2 ou écrivez à a@b.co.	vizitˈez ˌaʃtˌetˈepˌeˈɛs:ɛɡzˈɑ̃pl.kˈɔm ʃəmˈɛ̃?kˈy ˈœ̃ e ˈiks dˈø u ekʁivˈez a a aʁobˈaz bˈe.kˈo. 
0167	fr-fr	url-code	La variable x_1 vaut foo(bar, 2) ; if (a && b) return;	la- vaʁjˈabl ˈiks ˈœ̃ vo (en)fˈuː(fr)(bˈaʁ, dˈø) ; ˈif (a eˈe bˈe) (en)ɹɪtˈɜːn(fr); 
0168	fr-fr	url-code	Lancez npm run build --watch, ou ouvrez C:\Users\doc\README.md.	lɑ̃sˈez ˌɛnpˌeˈɛm (en)ɹˈʌn(fr) byˈild (en)wˈɒtʃ(fr), u uvʁˈe sˈe:yzˈe dˈɔk (en)ɹˈiːdmiː(fr).ˌɛmdˈe. 
0169	fr-fr	long-paragraph	Le marché de la rue Mouffetard s'éveille avant le jour, quand les camions grondent encore sur le pavé. Les primeurs dressent leurs pyramides d'oranges avec un soin qui défie la gravité. La fromagère, elle, ouvre à sept heures précises, et le voisinage règle sa montre sur cet événement. Vers neuf heures arrivent les gens qui ont le temps, ceux qui goûtent, discutent, hésitent. À midi la chaleur vide les étals et le quartier rend sa clef au silence. Rien de tout cela ne figure dans les guides, et c'est sans doute pour cela que cela dure.	lə- maʁʃˈe də- la- ʁˈy muftˈaʁ sevˈɛj avˌɑ̃ lə- ʒˈuʁ, kɑ̃ le- kamjˈɔ̃ ɡʁˈɔ̃dt ɑ̃kˌɔʁ syʁ lə- pavˈe. le- pʁimˈœʁ dʁˈɛs lœʁ piʁamˈid doʁˈɑ̃ʒ avˌɛk œ̃ swˈɛ̃ ki defˈi la- ɡʁavitˈe. la- fʁomaʒˈɛʁ, ˈɛl, ˈuvʁ a sˈɛt ˈœʁ pʁesˈiz, e lə- vwazinˈaʒ ʁˈɛɡl sa- mˈɔ̃tʁ syʁ sɛt evenmˈɑ̃. vɛʁ nˈœv ˈœʁz aʁˈiv le- ʒˈɑ̃ ki ɔ̃ lə- tˈɑ̃, sø ki ɡˈut, diskˈyt, ezˈit. a midˈi la- ʃalˈœʁ vˈid le-z etˈalz e lə- kaʁtjˈe ʁˈɑ̃ sa- klˈe o silˈɑ̃s. ʁiˌɛ̃ də- tu səlˌa nə- fiɡˈyʁ dɑ̃ le- ɡˈid, e sɛ sɑ̃ dˈut puʁ səlˌa kə səlˌa dˈyʁ. 
0170	fr-fr	long-paragraph	La bibliothèque du quartier avait changé depuis son enfance, et pas seulement comme tout change. Les rayonnages d'autrefois portaient les sermons du grand-père ; aujourd'hui ce sont des poches au dos cassé. Elle marchait lentement entre les tables, se souvenant des volumes que sa mère lisait à voix haute les soirs d'hiver. Au bureau de prêt, une femme répondait patiemment à une question sur les microfilms. Elle trouva enfin les registres de la commune, reliés de toile verte, et s'assit là où la lumière était la meilleure. Quand elle releva la tête, les fenêtres étaient noires et le gardien l'attendait, clés en main.	la- bibliotˈɛk dy- kaʁtjˈe avˈɛ ʃɑ̃ʒˈe dəpyˌi sɔ̃n ɑ̃fˈɑ̃s, e pa sølmˈɑ̃ kɔm tu ʃˈɑ̃ʒ. le- ʁɛjɔnˈaʒ dotʁəfwˈa pɔʁtˈɛ le- sɛʁmˈɔ̃ dy- ɡʁˈɑ̃pˈɛʁ ; oʒuʁdyˈi sə- sˈɔ̃ de- pˈoʃz o (en)dˈɒs(fr) kasˈe. ɛl maʁʃˈɛ lɑ̃tmˈɑ̃ ɑ̃tʁ le- tˈabl, sə- suvnˈɑ̃ de- volˈym kə sa- mˈɛʁ lizˈɛt a vwˈa ˈot le- swˈaʁ divˈɛʁ. o byʁˈo də- pʁˈɛ, yn fˈam ʁepɔ̃dˈɛ pasjamˈɑ̃ a yn kɛstjˈɔ̃ syʁ le- mikʁofˈilm. ɛl tʁuvˈa ɑ̃fˌɛ̃ le- ʁəʒˈistʁ də- la- kɔmˈyn, ʁəljˈe də- twˈal vˈɛʁt, e sasˈi lˈa u la- lymjˈɛʁ etˈɛ la- mɛjˈœʁ. kɑ̃t ɛl ʁəlvˈa la- tˈɛt, le- fənˈɛtʁz etˈɛ nwˈaʁz e lə- ɡaʁdjˈɛ̃ latɑ̃dˈɛ, klˈez ɑ̃ mˈɛ̃. 
0171	fr-fr	speed-transition	Attends — non. C'est... ce n'est pas ça. Arrête. Regarde. Vas-y !	atˈɑ̃ — nˈɔ̃. sˈɛ... sə- nɛ pa sˈa. aʁˈɛt. ʁəɡˈaʁd. vˈaziɡʁˈɛk ! 
0172	fr-fr	speed-transition	Un. Deux... trois ? Non — quatre. Quatre, quatre, quatre.	ˈœ̃. dˈø... tʁwˈa ? nˈɔ̃ — kˈatʁ. kˈatʁ, kˈatʁ, kˈatʁ. 
0173	it	name	La Dott.ssa Bianchi e il Sig. Rossi si incontrarono a Bologna un martedì.	la dˈɔtː.ssˈa bjˈankɪ e il sˈiɡ. rˈossɪ sɪ inkontrˈarono a bolˈoɲɲa ʊn martedˈi. 
0174	it	name	Colonnello Verdi, la regina Elisabetta II e San Francesco compaiono nel testo.	kolonnˈɛllo vˈerdɪ, la redʒˈina elizabˈetːa sekˈondo e sˈan frantʃˈesko kompˈaiono nel tˈɛsto. 
0175	it	name	D'Annunzio, García Márquez e Ngozi discussero il contratto al bar.	dannˈuntsio, (es)ɡaɾθˈia(it) mˈarkwets e ŋɡˈɔtsɪ diskˈussero il kontrˈatːo al bˈar. 
0176	it	honorific	Sig.ra Dalloway, Dott. Watson e Prof. Higgins arrivarono a mezzogiorno.	sˈiɡ.rˈa dallowˈai, dˈɔtː. wˈatson e prˈof. ˈidʒːins arɾivˈarono a medzːodʒˈɔrno. 
0177	it	honorific	Il Sig. Verdi chiese alla Dott.ssa Bianchi notizie dell'Avv. Rossi.	il sˈiɡ. vˈerdɪ kjˈɛze ˌalla dˈɔtː.ssˈa bjˈankɪ notˈitsje dellˈavv. rˈossɪ. 
0178	it	abbreviation	Lesse p. es. il primo capitolo, cioè a pag. 5, e annotò l'ecc.	lˈɛsse pˈi. ˈeːs. il prˈimo kapˈitolo, tʃoˌɛ a pˈaɡ. tʃˈinkwe, e annotˈɔ lˈekː. 
0179	it	abbreviation	Gli USA e il Regno Unito si sono visti verso le 8 del mattino.	ʎɪ ˌʊːˌɛsseˈaː e il rˈeɲɲo ʊnˈito sɪ sˌono vˈistɪ vˌɛrso le ˈɔtːo del matːˈino. 
0180	it	number	C'erano 1.204.567 persone; 3,14159 è pi; e lo 0,5% è metà.	tʃˈɛrano ʊnmiliˈone dʊetʃˈɛnto kwˈatːro mˈiːla tʃɪnkʊetʃˈɛnto sessˈantasˈɛtːe persˈone; trˈe vˈirɡolakwatːˈorditʃɪ mˈiːla tʃˈɛnto tʃinkwˈantanˈɔve e pˈi; e lo dzˈɛɾo vˈirɡola tʃˈinkwe pertʃˈɛŋto e metˈa. 
0181	it	number	La temperatura scese a −5 gradi e salì di 2,5 gradi verso le 9:45.	la temperatˈura ʃˈeze a mˈɛno tʃˈinkwe ɡrˈadɪ e salˈi dɪ dˈue vˈirɡola tʃˈinkwe ɡrˈadɪ vˌɛrso le nˈɔve:kʊaɾˈaːntatʃˈinkwe. 
0182	it	number	La quota era di 3 a 1, la risposta 42, e 0,5% è mezza misura.	la kwˈɔta ˌɛra dɪ trˈe a ˈuno, la rispˈosta kʊaɾˈaːntadˈue, e dzˈɛɾo vˈirɡola tʃˈinkwe pertʃˈɛŋto e mˈɛdzːa mizˈura. 
0183	it	date	Il 3/4/2024, ovvero il 4 marzo 2024, si incontrarono; era il 21 maggio.	il trˈe bˈarɾa kwˈatːro bˈarɾa dˈue mˈiːla ventikwˈatːro, ovvˈero il kwˈatːro mˈartso dˈue mˈiːla ventikwˈatːro, sɪ inkontrˈarono; ˌɛra il ventˈuno mˈadʒːo. 
0184	it	date	Il 25 dicembre 1999 uscì la 2a edizione; il 21/5 la terza.	il ventitʃˈinkwe ditʃˈɛmbre mˈille novetʃˈɛnto novˈantanˈɔve ʊʃˈi la dˈue a editsiˈone; il ventˈuno bˈarɾa tʃˈinkwe la tˈɛrtsa. 
0185	it	date	Negli anni '90, il 25/12, tutto chiudeva; nel 2024, più nulla.	nˈeʎɪ ˈannɪ novˈanta, il ventitʃˈinkwe bˈarɾa dˈoditʃɪ, tˈutːo kjʊdˈɛva; nel dˈue mˈiːla ventikwˈatːro, pjʊ nˈulla. 
0186	it	currency	Costava 1.234,56 $, oppure 99,95 €, oppure 50 £.	kostˈava mˈille dʊetʃˈɛnto trˈeːntakwˈatːro vˈirɡola tʃinkwˈantasˈɛj dˈɔllarɪ, opːˈure novˈantanˈɔve vˈirɡola novˈantatʃˈinkwe ˈɛʊro, opːˈure tʃinkwˈanta sterlˈina. 
0187	it	currency	Mancia del 15% su 45 €, e 20 centesmi risparmiati.	mˈantʃa del kwˈimditʃɪ pertʃˈɛŋto sʊ kʊaɾˈaːntatʃˈinkwe ˈɛʊro, e vˈentɪ tʃentˈezmɪ risparmjˈatɪ. 
0188	it	currency	Il prezzo è salito da 1.234,56 € a 1.300 € in un anno.	il prˈɛtsːo e salˈito da ˈuno.  dʊetʃˈɛnto trˈeːntakwˈatːro vˈirɡola tʃinkwˈantasˈɛj ˈɛʊro a mˈille tretʃˈɛnto ˈɛʊro in ʊn ˈanno 
0189	it	measurement	La stanza era 12 piedi per 8 m; pesava 2,5 kg e conteneva 3 l.	la stˈantsa ˌɛra dˈoditʃɪ pjˈedɪ per ˈɔtːo ˈɛmme; pezˈava dˈue vˈirɡola tʃˈinkwe kˌapːadʒˈi e kontenˈɛva trˈe ˈɛlle. 
0190	it	measurement	Guida 5 km a nord a 90 km/h con 36 °C all'ombra.	ɡwˈida tʃˈinkwe kˌapːaˈɛmme a nˈɔrd a novˈanta kˌapːaˈɛmme bˈarɾa ˈakːa kon trˈeːntasˈɛj ɡrˈaːdɪ tʃˈi allˈombra. 
0191	it	measurement	Pesava 90 kg e correva a 15 km/h a 20 °C.	pezˈava novˈanta kˌapːadʒˈi e korɾˈɛva a kwˈimditʃɪ kˌapːaˈɛmme bˈarɾa ˈakːa a vˈentɪ ɡrˈaːdɪ tʃˈi. 
0192	it	roman-numeral	Il capitolo IV inizia alla riga xlii; papa Pio XII regnava.	il kapˈitolo kwˈaːrto inˈitsia ˌalla rˈiɡa ksliˈi; pˈapa pˈio doditʃˈɛzimo reɲˈava. 
0193	it	roman-numeral	Vedi la sezione 2.b, sottosezione iii, paragrafo XIX.	vˈedɪ la setsiˈone dˈue.bˈi, sotːosetsiˈone jjˈi, paɾˈaɡrafo ditʃannovˈɛzimo. 
0194	it	roman-numeral	Luigi XIV incontrò Elisabetta II; papa Pio XII osservava.	lʊˈiːdʒɪ kwatːorditʃˈɛzimo inkontrˈɔ elizabˈetːa sekˈondo; pˈapa pˈio doditʃˈɛzimo osservˈava. 
0195	it	dialogue	Disse: «Non posso — be', non voglio». Lei rispose: «Lo farai?»	dˈisse: «non pˈɔsso — bˈe, non vˈoʎo». lˌɛi rispˈoze: «lo farˈaːɪ?» 
0196	it	dialogue	«Attento», disse lui. «Attento... sempre, sempre.»	«atːˈɛnto», dˈisse lˈui. «atːˈɛnto... sˈɛmpre, sˈɛmpre.» 
0197	it	dialogue	— Sei venuto? — Sono venuto. E ho portato i biglietti, ovviamente.	— sˌɛi venˈuto? — sˌono venˈuto. e o portˈato i biʎˈetːɪ, ovviamˈente. 
0198	it	heading	CAPITOLO UNO: Una festa inaspettata	kapˈitolo ˈuno: ˌʊna fˈɛsta inaspetːˈata 
0199	it	heading	PARTE SECONDA — La strada continua	pˈarte sekˈonda — la strˈada kontˈinʊa 
0200	it	heading	Appendice A: Guida alla pronuncia	apːendˈitʃe ˈaː: ɡwˈida ˌalla pronˈuntʃa 
0201	it	footnote	Vedi la nota 1 per i dettagli.¹	vˈedɪ la nˈɔta ˈuno per i detːˈaʎɪ.ˈuno 
0202	it	footnote	L'affermazione è contestata.² Altri studiosi dissentono.³	laffermatsiˈone e kontestˈata.dˈue ˈaltrɪ stʊdjˈɔzɪ dissˈentono.trˈe 
0203	it	footnote	Come mostra la tabella 2†, la tendenza si conferma.‡	kˌome mˈostra la tabˈɛlla dˈue, la tendˈɛntsa sɪ konfˈerma. 
0204	it	page-furniture	Pagina 42 di 320 — prosegue dalla precedente — fine del capitolo.	pˈadʒina kʊaɾˈaːntadˈue dɪ tretʃˈɛnto vˈentɪ — prozˈeɡwe dˌalla pretʃedˈɛnte — fˈine del kapˈitolo. 
0205	it	page-furniture	Pag. 137 di 512, righe 8-19, testata: La Compagnia	pˈaɡ. tʃˈɛnto trˈeːntasˈɛtːe dɪ tʃɪnkʊetʃˈɛnto dˈoditʃɪ, rˈiɡe ˈɔtːo ditʃannˈɔve, testˈata: la kompaɲˈia 
0206	it	page-furniture	Pagina 89 — bianca nell'originale — vedi pag. 90.	pˈadʒina otːˈantanˈɔve — bjˈanka nelloridʒinˈale — vˈedɪ pˈaɡ. novˈanta. 
0207	it	url-code	Visita https://example.com/percorso?q=1&x=2 o scrivi a a@b.co.	vˈizita ˌakːatˌɪtˈɪpˌiˈɛsse:bˈarɾabˈarɾa eksˈample.kˈom bˈarɾa perkˈorso?kˈu ʊɡwˈale ˈuno ˈand ˈiks ʊɡwˈale dˈue o skrˈivɪ a a kiˈotʃːola bˈi.kˈo. 
0208	it	url-code	La variabile x_1 vale foo(bar, 2); if (a && b) return;	la variˈabile ˈiks ˈuno vˈale fˈɔo(bˈar, dˈue); ˈif (a ˈandˈand bˈi) rˈɛtʊrn; 
0209	it	url-code	Esegui npm run build --watch, o apri C:\Users\doc\README.md.	ezˈeɡwɪ ˌɛnnepˌiˈɛmme rˈun bˈuild wˈattʃ, o ˈaprɪ tʃˈi:kontrobˈaːrɾa jˈuzers kontrobˈaːrɾa dˈok kontrobˈaːrɾa reˈadme.ˌɛmmed̪ˈiː. 
0210	it	long-paragraph	Il mercato di porta Palazzo si sveglia prima dell'alba, quando i camion rombano ancora sul selciato. I fruttivendoli dispongono le piramidi di arance con una cura che sfida la fisica. La casalinga del primo turno sceglie con occhio clinico, tocca, interroga, decide. Verso le nove arrivano quelli che hanno tempo, e il mercato rallenta di un punto e mezzo. A mezzogiorno il calore scaccia i titubanti e i banchi si arrendono fino al tardo pomeriggio. È un rito che non compare in nessuna guida, e proprio per questo resiste.	il merkˈato dɪ pˈɔrta palˈatsːo sɪ zvˈeʎa prˈima dellˈalba, kwˈando i kˈamjon rˈɔmbano ankˈora sʊl seltʃˈato. i frʊtːivˈendolɪ dispˈoŋɡono le pirˈamidɪ dɪ aɾˈantʃe kon ˌʊna kˈura ke sfˈida la fˈizika. la kazalˈiŋɡa del prˈimo tˈurno ʃˈeʎe kon ˈɔkːio klˈiniko, tˈokːa, intˈɛrɾoɡa, detʃˈide. vˌɛrso le nˈɔve arɾˈivano kwˈellɪ ke ˌanno tˈɛmpo, e il merkˈato rallˈɛnta dɪ ʊn pˈunto e mˈɛdzːo. a medzːodʒˈɔrno il kalˈore skˈatʃːa i titʊbˈantɪ e i bˈankɪ sɪ arɾˈendono fˈino al tˈardo pomerˈidʒːo. e ʊn rˈito ke non kompˈare in nessˌʊna ɡwˈida, e prˈɔprio per kwˌesto rezˈiste. 
0211	it	long-paragraph	La trattoria di via de' Mille apriva a mezzogiorno in punto, e chi arrivava alle dodici e un quarto trovava posto, ma non salute. Il proprietario riconosceva i clienti dal rumore dei loro passi, prima ancora di vederli. Il vino arrivava in fiaschi senza etichetta e il menù era scritto dalla stessa mano da trent'anni. Si parlava di calcio, di politica e di un vicino che aveva comprato un'automobile strana. Nessuno si chiedeva davvero perché si continuasse a tornare. Il conto restava fermo, come il fiume sotto i ponti d'inverno.	la tratːorˈia dɪ vˈia de mˈille aprˈiva a medzːodʒˈɔrno in pˈunto, e kɪ arɾivˈava ˌalle dˈoditʃɪ e ʊn kwˈarto trovˈava pˈosto, ma non salˈute. il proprietˈario rikonoʃˈɛva i kliˈɛntɪ dal rʊmˈore dˌeɪ lˌɔro pˈassɪ, prˈima ankˈora dɪ vedˈɛrlɪ. il vˈino arɾivˈava in fjˈaskɪ sˌɛntsa etikˈetːa e il menˈu ˌɛra skrˈitːo dˌalla stˈessa mˈano da trentˈaːnnɪ. sɪ parlˈava dɪ kˈaltʃo, dɪ polˈitika e dɪ ʊn vitʃˈino ke avˌeva komprˈato ʊnaʊtomˈɔbile strˈana. nessˌʊno sɪ kjedˈɛva davvˈero perkˌe sɪ kontinʊˈasse a tornˈare. il kˈonto restˈava fˈermo, kˌome il fjˈume sˈotːo i pˈontɪ dinvˈɛrno. 
0212	it	speed-transition	Aspetta — no. Questo... questo non va. Fermati. Guarda. Vai!	aspˈɛtːa — nˈɔ. kwˈesto... kwˌesto non vˈa. fˈermatɪ. ɡwˈarda. vˈaj! 
0213	it	speed-transition	Uno. Due... tre? No — quattro. Quattro, quattro, quattro.	ˈuno. dˈue... trˈe? nˈɔ — kwˈatːro. kwˈatːro, kwˈatːro, kwˈatːro. 
0214	pt-br	name	A Dra. Costa e o Sr. Oliveira se conheceram em São Paulo numa terça.	a dˌowtˈoɾæ. kˈɔstæ i ʊ ˌɛsyˈɛxe. ˌolivˈeɪɾæ sy kˌoɲesˈeɾɐ̃ʊ̃ ˈeɪŋ sɐ̃ʊ̃ pˈaʊlʊ nˌumæ tˈeɾəsæ. 
0215	pt-br	name	Machado de Assis, Cecília Meireles e Guimarães Rosa moravam perto.	mˌaʃˈadʊ dʒj asˈis, sˌesˈiljæ mˌeɪɾˈɛlyz i ɡˌimaɾˈɐ̃yz xˈɔzæ mˌoɾˈavɐ̃ʊ̃ pˈɛɾətʊ. 
0216	pt-br	name	O coronel Nogueira, a rainha Isabel II e Santo Antônio aparecem no texto.	ʊ kˌoɾonˈɛʊ nˌoɡˈeɪɾæ, a xˌaˈiɲæ ˌizabˈɛʊ dˈoɪz i sˈɐ̃ŋtw ˌɐ̃ŋtˈonjw ˌapaɾˈɛseɪŋ nʊ tˈestʊ. 
0217	pt-br	honorific	Sra. Dalloway, Dr. Watson e Prof. Higgins chegaram ao meio-dia.	zxˈa. dˌalowˈaɪ, dowtˈor. wˈatsoŋ i prˈɔf. iʒˈiŋs ʃˌeɡˈaɾɐ̃ʊ̃ aʊ mˈeɪʊdʒˈiæ. 
0218	pt-br	honorific	O Sr. Oliveira perguntou à Profa. Costa pelo Dr. Barbosa.	ʊ ˌɛsyˈɛxe. ˌolivˈeɪɾæ pˌeɾəɡũŋtˈow ˌaː prˈofæ. kˈɔstæ pˈelʊ dowtˈor. bˌaɾəbˈɔzæ. 
0219	pt-br	abbreviation	Ela leu p. ex. o primeiro capítulo, isto é, a pág. 5, e anotou o etc.	ˌɛlæ lˈeʊ pˈe. ˈes. ʊ prˌimˈeɪɾʊ kˌapˈitulʊ, ˈistw ɛ, a pˈaɡ. sˈiŋkʊ, i ˌænotˈow u ˌetsˈɛteɾæ. 
0220	pt-br	abbreviation	Os EUA e o Reino Unido se reuniram aprox. às 8h da manhã.	ʊz ˌɛˌuˈa i ʊ xˈeɪnw ˌunˈidʊ sy xˌeunˈiɾɐ̃ʊ̃ aprˈɔks. aːs ˈoɪtw aɡˈa da mɐ̃ɲˈɐ̃. 
0221	pt-br	number	Havia 1.204.567 pessoas; 3,14159 é pi; e 0,5% é metade.	ˌavˈiæ ˈũmiljˈɐ̃ʊ̃ dˌuzˈeɪŋtʊzi kwˈatrʊ mˈiʊ kˌiɲˈeɪŋtʊzˌi sesˈeɪŋtæisˈɛtʃy pˌesˈoæs; trˈes vˈirɡulæ ˈũŋ kwˈatrw ˈũŋ sˈiŋkʊ nˈɔvy ɛ pˈi; i zˈɛɾʊ vˈirɡulæ sˈiŋkʊ pˌorsˈeɪŋtw ɛ mˌetˈadʒy. 
0222	pt-br	number	A temperatura caiu a −5 graus e subiu 2,5 graus por volta das 9h45.	a tˌeɪmpeɾatˈuɾæ kaˈiʊ a sˈiŋkʊ ɡrˈaʊz i subˈiʊ dˈoɪs vˈirɡulæ sˈiŋkʊ ɡrˈaʊs por vˈɔltæ das nˈɔvy aɡˈa kwˌaɾˈeɪŋtæisˈiŋkʊ. 
0223	pt-br	number	A chance era de 3 para 1, a resposta 42, e 0,5% é meia medida.	a ʃˈɐ̃ŋsj ˌɛɾæ dʒy trˈes pˌaɾæ ˈũŋ, a xˌespˈɔstæ kwˌaɾˈeɪŋtæidˈoɪs, i zˈɛɾʊ vˈirɡulæ sˈiŋkʊ pˌorsˈeɪŋtw ɛ mˈeɪæ mˌedʒˈidæ. 
0224	pt-br	date	Em 03/04/2024, ou 4 de março de 2024, se encontraram; era 21 de maio.	ˈeɪŋ zˈɛɾʊ trˈez zˈɛɾʊ kwˈatrʊ dˈoɪz mˈiʊ i vˈiŋtʃyikwˈatrʊ, ow kwˈatrʊ dʒy mˈaɾəsʊ dʒy dˈoɪz mˈiʊ i vˈiŋtʃyikwˈatrʊ, sj ˌeɪŋkoŋtrˈaɾɐ̃ʊ̃; ˌɛɾæ vˈiŋtʃyiˈũŋ dʒy mˈaɪʊ. 
0225	pt-br	date	Em 25 de dezembro de 1999 saiu a 2ª edição; em 21/5, a terceira.	ˈeɪŋ vˈiŋtʃyisˈiŋkʊ dʒy dˌezˈeɪmbrʊ dʒy mˈiʊ nˈɔvysˈeɪŋtʊzˌi novˈeɪŋtæinˈɔvy saˈiʊ a sˌeɡˈũŋdæ ˌedʒisˈɐ̃ʊ̃; ˈeɪŋ vˈiŋtʃyiˈũŋ sˈiŋkʊ, a tˌeɾəsˈeɪɾæ. 
0226	pt-br	date	Nos anos 1990, em 25/12, tudo fechava; em 2024, nada.	nʊz ˈɐ̃nʊs mˈiʊ nˈɔvysˈeɪŋtʊzˌi novˈeɪŋtæ, ˈeɪŋ vˈiŋtʃyisˈiŋkʊ dˈozy, tˈudʊ fˌeʃˈavæ; ˈeɪŋ dˈoɪz mˈiʊ i vˈiŋtʃyikwˈatrʊ, nˈadæ. 
0227	pt-br	currency	Custava R$ 1.234,56, ou € 99,95, ou £ 50.	kˌustˈavæ xeˈaʊ dˈolar mˈiʊ dˌuzˈeɪŋtʊzi trˈiŋtæikwˈatrʊ vˈirɡulˌæ siŋkwˈeɪŋtæisˈeɪs, ow ˈeʊɾʊ nˌovˈeɪŋtæinˈɔvy vˈirɡulˌæ novˈeɪŋtæisˈiŋkʊ, ow lˈibræ sˌiŋkwˈeɪŋtæ. 
0228	pt-br	currency	Gorjeta de 15% sobre R$ 45,00, e 20 centavos economizados.	ɡˌoɾəʒˈetæ dʒy kˈiŋzy pˌorsˈeɪŋtʊ sˈobry xeˈaʊ dˈolar kwˌaɾˈeɪŋtæisˈiŋkʊ vˈirɡulæzˈɛɾʊzˈɛɾʊ, i vˈiŋtʃy sˌeɪŋtˈavʊz ˌekonˌomizˈadʊs. 
0229	pt-br	currency	O preço subiu de R$ 1.234,56 para R$ 1.400,00 em um ano.	ʊ prˈesʊ subˈiʊ dʒy xeˈaʊ dˈolar ˈũŋ.  dˌuzˈeɪŋtʊzi trˈiŋtæikwˈatrʊ vˈirɡulˌæ siŋkwˈeɪŋtæisˈeɪs pˌaɾæ xeˈaʊ dˈolar mˈiʊ kwˈatrʊsˈeɪŋtʊz vˈirɡulæzˈɛɾʊzˈɛɾw ˈeɪŋ ũŋ ˈɐ̃nʊ 
0230	pt-br	measurement	A sala tinha 12 pés por 8 m; pesava 2,5 kg e cabiam 3 l.	a sˈalæ tʃˌiɲæ dˈozy pˈɛs poɹ ˈoɪtw ˈeme; pˌezˈavæ dˈoɪs vˈirɡulæ sˈiŋkʊ kˌaʒˈe i kˌabˈiɐ̃ʊ̃ trˈez ˈɛly. 
0231	pt-br	measurement	Dirija 5 km para o norte a 90 km/h com 36 °C na sombra.	dʒˌiɾˈiʒæ sˈiŋkʊ kˌaˈeme pˌaɾæ ʊ nˈɔɾətʃj a nˌovˈeɪŋtæ kˌaˈeme aɡˈa koŋ trˈiŋtæisˈeɪz ɡrˈaʊ sˈe na sˈombræ. 
0232	pt-br	measurement	Pesava 90 kg e corria a 15 km/h a 20 °C.	pˌezˈavæ nˌovˈeɪŋtæ kˌaʒˈe i kˌoxˈiæ a kˈiŋzy kˌaˈeme aɡˈa a vˈiŋtʃy ɡrˈaʊ sˈe. 
0233	pt-br	roman-numeral	O capítulo IV começa na linha xlii; D. Pedro II governou.	ʊ kˌapˈitulʊ kwˈatrʊ kˌomˈɛsæ na lˈiɲæ sliˈi; dˈe. pˈedrʊ dˈoɪz ɡˌoveɾənˈow. 
0234	pt-br	roman-numeral	Veja a seção 2.b, subseção iii, parágrafo XIX.	vˈeʒæ a sesˈɐ̃ʊ̃ dˈoɪs.bˈe, sˌubsesˈɐ̃ʊ̃ jjˈi, pˌaɾˈaɡræfʊ dˌezenˈɔvy. 
0235	pt-br	roman-numeral	Luís XIV encontrou Isabel II; o papa Pio XII observava.	lwˈis kˌatˈoɾəzy ˌeɪŋkoŋtrˈow ˌizabˈɛʊ dˈoɪs; ʊ pˈapæ pˈiʊ dˈozy ˌobseɾəvˈavæ. 
0236	pt-br	dialogue	Ele disse: "Não posso — bem, não quero." Ela respondeu: "Você vem?"	ˌely dʒˈisy: "nˌɐ̃ʊ̃ pˈɔsʊ — bˈeɪŋ, nˌɐ̃ʊ̃ kˈɛɾʊ." ˌɛlæ xˌespoŋdˈeʊ: "vosˌe vˈeɪŋ?" 
0237	pt-br	dialogue	"Cuidado", disse ele. "Cuidado... sempre, sempre."	"kˌuɪdˈadʊ", dʒˈisj ˈely. "kˌuɪdˈadʊ... sˈeɪmpry, sˈeɪmpry." 
0238	pt-br	dialogue	— Você veio? — Vim. E trouxe os bilhetes, claro.	— vosˌe vˈeɪʊ? — vˈiŋ. i trˈowsj ʊz bˌiljˈetʃys, klˈaɾʊ. 
0239	pt-br	heading	CAPÍTULO UM: Uma festa inesperada	kˌapˈitulw ũŋ: ˌumæ fˈɛstæ ˌinespeɾˈadæ 
0240	pt-br	heading	PARTE SEGUNDA — A estrada continua	pˈaɾətʃy sˌeɡˈũŋdæ — a ˌestrˈadæ kˌoŋtʃinˈuæ 
0241	pt-br	heading	Apêndice A: Guia de pronúncia	ˌapˈeɪŋdʒisj ˈa: ɡˈiæ dʒy prˌonˈũŋsjæ 
0242	pt-br	footnote	Veja a nota 1 para detalhes.¹	vˈeʒæ a nˈɔtæ ˈũŋ pˌaɾæ dˌetˈaljys.ˈũŋ 
0243	pt-br	footnote	A afirmação é contestada.² Outros estudiosos discordam.³	a ˌafiɾəmasˈɐ̃ʊ̃ ɛ kˌoŋtestˈadæ.dˈoɪz ˈowtrʊz ˌestudʒiˈɔzʊz dʒˌiskˈɔɾədɐ̃ʊ̃.trˈes 
0244	pt-br	footnote	Como mostra a tabela 2†, a tendência se mantém.‡	kˌomʊ mˈɔstræ a tˌabˈɛlæ dˈoɪs, a tˌeɪŋdˈeɪŋsjæ sy mɐ̃ŋtˈeɪŋ. 
0245	pt-br	page-furniture	Página 42 de 320 — continuação da anterior — fim do capítulo.	pˈaʒinæ kwˌaɾˈeɪŋtæidˈoɪz dʒy trˌezˈeɪŋtʊzi vˈiŋtʃy — kˌoŋtʃinˌuasˈɐ̃ʊ̃ da ˌɐ̃ŋteɾiˈor — fˈiŋ dʊ kˌapˈitulʊ. 
0246	pt-br	page-furniture	Pág. 137 de 512, linhas 8-19, cabeçalho: A Sociedade	pˈaɡ. sˈeɪŋtui trˈiŋtæisˈɛtʃy dʒy kˌiɲˈeɪŋtʊzi dˈozy, lˈiɲæs ˈoɪtʊ mˈenʊs dˌezenˈɔvy, kˌabesˈaljʊ: a sˌosiedˈadʒy 
0247	pt-br	page-furniture	Página 89 — em branco no original — veja a pág. 90.	pˈaʒinæ ˌoɪtˈeɪŋtæinˈɔvy — ˈeɪŋ brˈɐ̃ŋkʊ nʊ ˌoɾiʒinˈaʊ — vˈeʒæ a pˈaɡ. nˌovˈeɪŋtæ. 
0248	pt-br	url-code	Visite https://example.com/caminho?q=1&x=2 ou escreva para a@b.co.	vˌizˈitʃy aɡˌatˌetˈepˌeˈɛsy:ˌezˈɐ̃mply.koŋ kˌæmˈiɲʊ?kˈe iɡwˈæl ˈũŋ ˈe ʃˈis iɡwˈæl dˈoɪz ow ˌeskrˈevæ pˌaɾæ a ˌaxˈobæ bˈe.kˈo. 
0249	pt-br	url-code	A variável x_1 vale foo(bar, 2); if (a && b) return;	a vˌaɾiˈaveʊ ʃˈiz ˈũŋ vˈaly fˈoʊ(bˈar, dˈoɪs); ˈif (a ˈeˈe bˈe) xetˈuɾən; 
0250	pt-br	url-code	Execute npm run build --watch, ou abra C:\Users\doc\README.md.	ˌezekˈutʃy ˌenepˌeˈeme xˈũŋ buˈiʊd wˈatʃ, ow ˈabræ sˈe:uzˈeɾəz dˈɔk xˌeˈadmy.ˌemedˈe. 
0251	pt-br	long-paragraph	O mercado municipal abre às cinco, quando os caminhões ainda estalam no paralelepípedo. Os feirantes armam pirâmides de laranjas com uma paciência que desafia a física. O comprador da primeira leva escolhe com olho clínico, aperta, pergunta, decide. Por volta das oito chegam os que têm tempo, e o mercado desacelera meio ponto. Ao meio-dia o calor espanta os tímidos e as barracas se rendem até a tarde. É um rito que não aparece em guia nenhum, e é justamente por isso que dura.	ʊ mˌeɾəkˈadʊ mˌunisipˈaʊ ˈabri aːs sˈiŋkʊ, kwˈɐ̃ŋdw ʊs kˌæmiɲˈõjz ˌaˈiŋdæ ˌestˈalɐ̃ʊ̃ nʊ pˌaɾalˌelepˈipedʊ. ʊs fˌeɪɾˈɐ̃ŋtʃyz ˈaɾəmɐ̃ʊ̃ pˌiɾˈɐ̃midʒyz dʒy lˌaɾˈɐ̃ŋʒæs koŋ ˌumæ pˌasjˈeɪŋsjæ ky dˌezafˈiæ a fˈizikæ. ʊ kˌompradˈor da prˌimˈeɪɾæ lˈɛvæ ˌeskˈɔljy koŋ ˈɔljʊ klˈinikʊ, ˌapˈɛɾətæ, pˌeɾəɡˈũŋtæ, dˌesˈidʒy. por vˈɔltæ daz ˈoɪtʊ ʃˈeɡɐ̃ʊ̃ ʊs ky teɪŋ tˈeɪmpʊ, i ʊ mˌeɾəkˈadʊ dˌezaselˈɛɾæ mˈeɪʊ pˈoŋtʊ. aʊ mˈeɪʊdʒˈiæ ʊ kalˈoɾ ˌespˈɐ̃ŋtæ ʊs tʃˈimidʊz i az bˌaxˈakæs sy xˈeɪŋdeɪŋ atˌɛ a tˈaɾədʒy. ɛ ũŋ xˈitʊ ky nˌɐ̃ʊ̃ ˌapaɾˈɛsj ˈeɪŋ ɡˈiæ neɲˈũŋ, i ɛ ʒˌustæmˈeɪŋtʃy poɾ ˈisʊ ky dˈuɾæ. 
0252	pt-br	long-paragraph	A casa da rua do Limoeiro passara anos fechada quando os funcionários da prefeitura a abriram por engano. Lá dentro, a poeira cobria tudo com uma pátina cinzenta, e os móveis guardavam ainda a forma de seus donos. Sobre a mesa, duas xícaras e um jornal de doze de outubro de mil novecentos e sessenta e dois. Ninguém soube explicar o que fora feito do último morador, embora as vizinhas tivessem teorias de todas as espécies. O tempo naquela casa não tinha passado: ficara sentado, esperando, como os móveis. Quando fecharam a porta, a rua recuperou o silêncio antigo e as teorias cresceram um pouco.	a kˈazæ da xˈuæ dʊ lˌimoˈeɪɾʊ pˌasˈaɾæ ˈɐ̃nʊs fˌeʃˈadæ kwˈɐ̃ŋdw ʊs fˌũŋsionˈaɾjʊz da prˌefeɪtˈuɾæ a ˌabrˈiɾɐ̃ʊ̃ poɾ ˌeɪŋɡˈɐ̃nʊ. lˈa dˈeɪŋtrʊ, a pˌoˈeɪɾæ kˌobrˈiæ tˈudʊ koŋ ˌumæ pˈatʃinæ sˌiŋzˈeɪŋtæ, i ʊz mˈɔveɪz ɡwˌaɾədˈavɐ̃ʊ̃ ˌaˈiŋdæ a fˈɔɾəmæ dʒy seʊz dˈonʊs. sˈobri a mˈezæ, dˈuæs ʃˈikæɾæz i ũŋ ʒoɾənˈaʊ dʒy dˈozy dʒj ˌowtˈubrʊ dʒy mˈiʊ nˌovesˈeɪŋtʊz i sˌesˈeɪŋtæ i dˈoɪs. niŋɡˈeɪŋ sˈowbj ˌesplikˈaɾ ʊ ky fˈɔɾæ fˈeɪtʊ dʊ ˈultʃimʊ mˌoɾadˈor, ˌeɪmbˈɔɾæ az vˌizˈiɲæs tʃˌivˈɛseɪŋ tˌeoɾˈiæz dʒy tˈodæz az ˌespˈɛsjys. ʊ tˈeɪmpʊ nˌakˈɛlæ kˈazæ nˌɐ̃ʊ̃ tʃˌiɲæ pˌasˈadʊ: fˌikˈaɾæ sˌeɪŋtˈadʊ, ˌespeɾˈɐ̃ŋdʊ, kˌomʊ ʊz mˈɔveɪs. kwˈɐ̃ŋdʊ fˌeʃˈaɾɐ̃ʊ̃ a pˈɔɾətæ, a xˈuæ xˌekupeɾˈow ʊ sˌilˈeɪŋsjw ˌɐ̃ŋtʃˈiɡw i as tˌeoɾˈiæs krˌesˈeɾɐ̃ʊ̃ ũŋ pˈowkʊ. 
0253	pt-br	speed-transition	Espera — não. Isso... isso não está certo. Para. Olha. Vai!	ˌespˈɛɾæ — nˈɐ̃ʊ̃. ˈisʊ... ˈisʊ nˌɐ̃ʊ̃ estˌa sˈɛɾətʊ. pˌaɾæ. ˈɔljæ. vˈaɪ! 
0254	pt-br	speed-transition	Um. Dois... três? Não — quatro. Quatro, quatro, quatro.	ũŋ. dˈoɪs... trˈes? nˈɐ̃ʊ̃ — kwˈatrʊ. kwˈatrʊ, kwˈatrʊ, kwˈatrʊ. 
0255	ja	name	田中太郎さんと佐藤花子さんが東京で会いました。	(en)tʃˈaɪniːz(ja)lˈe̞tə (en)tʃˈaɪniːz(ja)lˈe̞tə (en)tʃˈaɪniːz(ja)lˈe̞tə (en)tʃˈaɪniːz(ja)lˈe̞tə sˈä ɴ tˈo̞ (en)tʃˈaɪniːz(ja)lˈe̞tə (en)tʃˈaɪniːz(ja)lˈe̞tə (en)tʃˈaɪniːz(ja)lˈe̞tə (en)tʃˈaɪniːz(ja)lˈe̞tə sˈä ɴ kˈä (en)dʒˈapəniːz(ja)lˈe̞tə (en)tʃˈaɪniːz(ja)lˈe̞tə (en)tʃˈaɪniːz(ja)lˈe̞tə tˈe̞ (en)dʒˈapəniːz(ja)lˈe̞tə (en)tʃˈaɪniːz(ja)lˈe̞tə ˈi mˈä ɕˈi tˈä 
0256	ja	name	山田一郎と鈴木美咲は大阪駅で待ち合わせました。	(en)tʃˈaɪniːz(ja)lˈe̞tə (en)tʃˈaɪniːz(ja)lˈe̞tə (en)tʃˈaɪniːz(ja)lˈe̞tə (en)tʃˈaɪniːz(ja)lˈe̞tə tˈo̞ (en)tʃˈaɪniːz(ja)lˈe̞tə (en)tʃˈaɪniːz(ja)lˈe̞tə (en)tʃˈaɪniːz(ja)lˈe̞tə (en)tʃˈaɪniːz(ja)lˈe̞tə hˈä (en)tʃˈaɪniːz(ja)lˈe̞tə (en)tʃˈaɪniːz(ja)lˈe̞tə (en)tʃˈaɪniːz(ja)lˈe̞tə tˈe̞ (en)dʒˈapəniːz(ja)lˈe̞tə (en)tʃˈaɪniːz(ja)lˈe̞tə tɕˈi (en)tʃˈaɪniːz(ja)lˈe̞tə wˈä sˈe̞ mˈä ɕˈi tˈä 
0257	ja	name	エルヴィス・プレスリー、マリア・テレサ、聖徳太子が登場します。	ˈe̞ ɽˈɯᵝ ˈɯᵝ (en)dʒˈapəniːz(ja)lˈe̞tə (en)dʒˈapəniːz(ja)lˈe̞tə sˈɯᵝ (en)dʒˈapəniːz(ja)lˈe̞tə ɸˈɯᵝ (en)dʒˈapəniːz(ja)lˈe̞tə ɽˈe̞ sˈɯᵝ ɽˈi (en)dʒˈapəniːz(ja)lˈe̞tə mˈä ɽˈi ˈä (en)dʒˈapəniːz(ja)lˈe̞tə tˈe̞ ɽˈe̞ sˈä (en)tʃˈaɪniːz(ja)lˈe̞tə (en)tʃˈaɪniːz(ja)lˈe̞tə (en)tʃˈaɪniːz(ja)lˈe̞tə (en)tʃˈaɪniːz(ja)lˈe̞tə kˈä (en)dʒˈapəniːz(ja)lˈe̞tə (en)tʃˈaɪniːz(ja)lˈe̞tə (en)tʃˈaɪniːz(ja)lˈe̞tə ɕˈi mˈä sˈɯᵝ 
0258	ja	honorific	田中様、佐藤先生、そして鈴木さんが正午に到着しました。	(en)tʃˈaɪniːz(ja)lˈe̞tə (en)tʃˈaɪniːz(ja)lˈe̞tə (en)tʃˈaɪniːz(ja)lˈe̞tə (en)tʃˈaɪniːz(ja)lˈe̞tə (en)tʃˈaɪniːz(ja)lˈe̞tə (en)tʃˈaɪniːz(ja)lˈe̞tə (en)tʃˈaɪniːz(ja)lˈe̞tə sˈo̞ ɕˈi tˈe̞ (en)tʃˈaɪniːz(ja)lˈe̞tə (en)tʃˈaɪniːz(ja)lˈe̞tə sˈä ɴ kˈä (en)dʒˈapəniːz(ja)lˈe̞tə (en)tʃˈaɪniːz(ja)lˈe̞tə (en)tʃˈaɪniːz(ja)lˈe̞tə nˈi (en)tʃˈaɪniːz(ja)lˈe̞tə (en)tʃˈaɪniːz(ja)lˈe̞tə ɕˈi mˈä ɕˈi tˈä 
0259	ja	honorific	社長の田中、部長の山田、そして課長の鈴木が会議に出席しました。	(en)tʃˈaɪniːz(ja)lˈe̞tə (en)tʃˈaɪniːz(ja)lˈe̞tə nˈo̞ (en)tʃˈaɪniːz(ja)lˈe̞tə (en)tʃˈaɪniːz(ja)lˈe̞tə (en)tʃˈaɪniːz(ja)lˈe̞tə (en)tʃˈaɪniːz(ja)lˈe̞tə nˈo̞ (en)tʃˈaɪniːz(ja)lˈe̞tə (en)tʃˈaɪniːz(ja)lˈe̞tə sˈo̞ ɕˈi tˈe̞ (en)tʃˈaɪniːz(ja)lˈe̞tə (en)tʃˈaɪniːz(ja)lˈe̞tə nˈo̞ (en)tʃˈaɪniːz(ja)lˈe̞tə (en)tʃˈaɪniːz(ja)lˈe̞tə kˈä (en)dʒˈapəniːz(ja)lˈe̞tə (en)tʃˈaɪniːz(ja)lˈe̞tə (en)tʃˈaɪniːz(ja)lˈe̞tə nˈi (en)tʃˈaɪniːz(ja)lˈe̞tə (en)tʃˈaɪniːz(ja)lˈe̞tə ɕˈi mˈä ɕˈi tˈä 
0260	ja	abbreviation	例えば第1章、すなわち5ページを読んで、などとメモしました。	(en)tʃˈaɪniːz(ja)lˈe̞tə ˈe̞ hˈä (en)dʒˈapəniːz(ja)lˈe̞tə (en)tʃˈaɪniːz(ja)lˈe̞tə ˈitsi (en)tʃˈaɪniːz(ja)lˈe̞tə sˌɯᵝnäwˈätɕi ɡˈo̞ hˈe̞ (en)dʒˈapəniːz(ja)lˈe̞tə (en)dʒˈapəniːz(ja)lˈe̞tə ɕˈi (en)dʒˈapəniːz(ja)lˈe̞tə ˈo̞ (en)tʃˈaɪniːz(ja)lˈe̞tə ɴ tˈe̞ (en)dʒˈapəniːz(ja)lˈe̞tə nˌädo̞tˌo̞me̞mˌo̞ɕimäɕˈitä 
0261	ja	abbreviation	NHK、NPO、ODAといった略語はそのまま読み上げられます。	(en)ˈɛn ˈeɪtʃ kˈeɪ(ja) (en)ˈɛn pˈiː ˈəʊ(ja) (en)ˈəʊ dˈiː ˈeɪ(ja) tˈo̞ ˈi ʔ tˈä (en)tʃˈaɪniːz(ja)lˈe̞tə (en)tʃˈaɪniːz(ja)lˈe̞tə hˈä sˈo̞ nˈo̞ mˈä mˈä (en)tʃˈaɪniːz(ja)lˈe̞tə mˈi (en)tʃˈaɪniːz(ja)lˈe̞tə kˈe̞ (en)dʒˈapəniːz(ja)lˈe̞tə ɽˈä ɽˈe̞ mˈä sˈɯᵝ 
0262	ja	number	人口は1,204,567人；円周率は3.14159；0.5%は半分です。	(en)tʃˈaɪniːz(ja)lˈe̞tə (en)tʃˈaɪniːz(ja)lˈe̞tə hˈä ˌitsi çäkˈɯᵝmän nˌiːçäkɯᵝ sˈi se̞n ɡˌo̞çäkˌɯᵝ ɹo̞kˌɯᵝ dzɯᵝsˈitsi (en)tʃˈaɪniːz(ja)lˈe̞tə (en)tʃˈaɪniːz(ja)lˈe̞tə (en)tʃˈaɪniːz(ja)lˈe̞tə (en)tʃˈaɪniːz(ja)lˈe̞tə hˈä sˌän itsˌi si ˌitsi ɡˈo̞ kʲɯᵝɯᵝ ɹe̞ˈi ɡo̞ (en)pəsˈɛnt(ja) hˈä (en)tʃˈaɪniːz(ja)lˈe̞tə (en)tʃˈaɪniːz(ja)lˈe̞tə tˈe̞ (en)dʒˈapəniːz(ja)lˈe̞tə sˈɯᵝ 
0263	ja	number	気温はマイナス5度まで下がり、9時45分に2.5度上がりました。	(en)tʃˈaɪniːz(ja)lˈe̞tə (en)tʃˈaɪniːz(ja)lˈe̞tə hˈä mˈä ˈi nˈä sˈɯᵝ ɡˈo̞ (en)tʃˈaɪniːz(ja)lˈe̞tə mˈä tˈe̞ (en)dʒˈapəniːz(ja)lˈe̞tə (en)tʃˈaɪniːz(ja)lˈe̞tə kˈä (en)dʒˈapəniːz(ja)lˈe̞tə ɽˈi kʲˈɯᵝɯᵝ (en)tʃˈaɪniːz(ja)lˈe̞tə jo̞n dzˈɯᵝɡo̞ nˈi nˈiː ɡo̞ (en)tʃˈaɪniːz(ja)lˈe̞tə (en)tʃˈaɪniːz(ja)lˈe̞tə kˈä (en)dʒˈapəniːz(ja)lˈe̞tə ɽˈi mˈä ɕˈi tˈä 
0264	ja	number	確率は3対1、答えは42、そして0.5%は半分です。	(en)tʃˈaɪniːz(ja)lˈe̞tə (en)tʃˈaɪniːz(ja)lˈe̞tə hˈä sˈän (en)tʃˈaɪniːz(ja)lˈe̞tə ˈitsi ˈe̞hä jo̞n dzˈɯᵝniː so̞ɕˈite̞ ɹe̞ˈi ɡo̞ (en)pəsˈɛnt(ja) hˈä (en)tʃˈaɪniːz(ja)lˈe̞tə (en)tʃˈaɪniːz(ja)lˈe̞tə tˈe̞ (en)dʒˈapəniːz(ja)lˈe̞tə sˈɯᵝ 
0265	ja	date	2024年3月4日に会い、5月21日には大阪にいました。	nˌiː se̞n ni dzˈɯᵝsi (en)tʃˈaɪniːz(ja)lˈe̞tə sˈän (en)tʃˈaɪniːz(ja)lˈe̞tə sˈi (en)tʃˈaɪniːz(ja)lˈe̞tə nˈi (en)tʃˈaɪniːz(ja)lˈe̞tə ˈi ɡˈo̞ (en)tʃˈaɪniːz(ja)lˈe̞tə nˌi dzɯᵝˈitsi (en)tʃˈaɪniːz(ja)lˈe̞tə nˈi hˈä (en)tʃˈaɪniːz(ja)lˈe̞tə (en)tʃˈaɪniːz(ja)lˈe̞tə nˈi ˈi mˈä ɕˈi tˈä 
0266	ja	date	1999年12月25日に第2版が出ました。	ˌitsi sˌe̞n kʲɯᵝɯᵝçˌäkɯᵝ kʲɯᵝɯᵝ dzˈɯᵝkʲɯᵝɯᵝ (en)tʃˈaɪniːz(ja)lˈe̞tə dzˈɯᵝniː (en)tʃˈaɪniːz(ja)lˈe̞tə ni dzˈɯᵝɡo̞ (en)tʃˈaɪniːz(ja)lˈe̞tə nˈi (en)tʃˈaɪniːz(ja)lˈe̞tə nˈiː (en)tʃˈaɪniːz(ja)lˈe̞tə kˈä (en)dʒˈapəniːz(ja)lˈe̞tə (en)tʃˈaɪniːz(ja)lˈe̞tə mˈä ɕˈi tˈä 
0267	ja	date	3/4/2024、つまり2024年3月4日のことです。	sˈän (en)slˈaʃ(ja) sˈi (en)slˈaʃ(ja) nˌiː se̞n ni dzˈɯᵝsi tsɯᵝmˈäɽi nˌiː se̞n ni dzˈɯᵝsi (en)tʃˈaɪniːz(ja)lˈe̞tə sˈän (en)tʃˈaɪniːz(ja)lˈe̞tə sˈi nˌo̞ko̞to̞dˈe̞sɯᵝ 
0268	ja	currency	それは1,234,567円、または99.95ユーロ、または50ポンドでした。	so̞ɽˈe̞hä ˌitsi çäkˈɯᵝmän nˌiːçäkˌɯᵝ sän dzɯᵝsˈi se̞n ɡˌo̞çäkˌɯᵝ ɹo̞kˌɯᵝ dzɯᵝsˈitsi (en)tʃˈaɪniːz(ja)lˈe̞tə mätˈähä kʲˌɯᵝɯᵝ dzɯᵝkʲɯᵝɯᵝ kʲˈɯᵝɯᵝ ɡo̞ jˈɯᵝɯᵝɽo̞ mätˈähä ɡˈo̞ dzɯᵝ pˌo̞ndo̞de̞ɕˈitä 
0269	ja	currency	4,500円に15%のチップを足し、20円得しました。	sˈi se̞n ɡo̞çˈäkɯᵝ nˈi dzˈɯᵝɡo̞ (en)pəsˈɛnt(ja) nˈo̞ tɕˈi ʔ ɸˈɯᵝ (en)dʒˈapəniːz(ja)lˈe̞tə ˈo̞ (en)tʃˈaɪniːz(ja)lˈe̞tə ɕˈi nˈi dzɯᵝ (en)tʃˈaɪniːz(ja)lˈe̞tə (en)tʃˈaɪniːz(ja)lˈe̞tə ɕˈi mˈä ɕˈi tˈä 
0270	ja	currency	価格は一年で1,234,567円から1,400,000円に上がりました。	(en)tʃˈaɪniːz(ja)lˈe̞tə (en)tʃˈaɪniːz(ja)lˈe̞tə hˈä (en)tʃˈaɪniːz(ja)lˈe̞tə (en)tʃˈaɪniːz(ja)lˈe̞tə tˈe̞ (en)dʒˈapəniːz(ja)lˈe̞tə ˌitsi çäkˈɯᵝmän nˌiːçäkˌɯᵝ sän dzɯᵝsˈi se̞n ɡˌo̞çäkˌɯᵝ ɹo̞kˌɯᵝ dzɯᵝsˈitsi kˈäɽä ˌitsi çäkˈɯᵝmän sˌiçäkˈɯᵝ se̞n (en)tʃˈaɪniːz(ja)lˈe̞tə nˈi (en)tʃˈaɪniːz(ja)lˈe̞tə kˈä (en)dʒˈapəniːz(ja)lˈe̞tə ɽˈi mˈä ɕˈi tˈä 
0271	ja	measurement	部屋は12フィート×8メートル；重さ2.5キログラム、容量3リットル。	(en)tʃˈaɪniːz(ja)lˈe̞tə (en)tʃˈaɪniːz(ja)lˈe̞tə hˈä dzˈɯᵝniː ɸˈiːto̞ hˈätsi me̞e̞tˈo̞ɽɯᵝ sˈä nˈiː ɡo̞ kˌiɽo̞ɡɯᵝɽˈämɯᵝ (en)tʃˈaɪniːz(ja)lˈe̞tə (en)tʃˈaɪniːz(ja)lˈe̞tə sˈän ɽittˈo̞ɽɯᵝ 
0272	ja	measurement	北へ5キロ、時速90キロで、気温は摂氏36度でした。	hˈe̞ ɡˈo̞ kˈiɽo̞ (en)tʃˈaɪniːz(ja)lˈe̞tə (en)tʃˈaɪniːz(ja)lˈe̞tə kʲˈɯᵝɯᵝ dzɯᵝ kiɽˈo̞de̞ (en)tʃˈaɪniːz(ja)lˈe̞tə (en)tʃˈaɪniːz(ja)lˈe̞tə hˈä (en)tʃˈaɪniːz(ja)lˈe̞tə (en)tʃˈaɪniːz(ja)lˈe̞tə sˌän dzɯᵝɹˈo̞kɯᵝ de̞ɕˈitä 
0273	ja	measurement	重さ90キロ、時速15キロ、気温20度で走りました。	sˈä kʲˈɯᵝɯᵝ dzɯᵝ kˈiɽo̞ (en)tʃˈaɪniːz(ja)lˈe̞tə (en)tʃˈaɪniːz(ja)lˈe̞tə dzˈɯᵝɡo̞ kˈiɽo̞ (en)tʃˈaɪniːz(ja)lˈe̞tə (en)tʃˈaɪniːz(ja)lˈe̞tə nˈi dzɯᵝ (en)tʃˈaɪniːz(ja)lˈe̞tə tˈe̞ (en)dʒˈapəniːz(ja)lˈe̞tə (en)tʃˈaɪniːz(ja)lˈe̞tə ɽˈi mˈä ɕˈi tˈä 
0274	ja	roman-numeral	第IV章は42行目から始まる；ルイ14世が統治した。	(en)tʃˈaɪniːz(ja)lˈe̞tə (en)ˈaɪ vˈiː tʃˈaɪniːz(ja)lˈe̞tə hˈä jo̞n dzˈɯᵝniː (en)tʃˈaɪniːz(ja)lˈe̞tə (en)tʃˈaɪniːz(ja)lˈe̞tə kˈä ɽˈä (en)tʃˈaɪniːz(ja)lˈe̞tə mˈä ɽˈɯᵝ ɽˈɯᵝi dzˈɯᵝsi (en)tʃˈaɪniːz(ja)lˈe̞tə kˈä (en)dʒˈapəniːz(ja)lˈe̞tə (en)tʃˈaɪniːz(ja)lˈe̞tə (en)tʃˈaɪniːz(ja)lˈe̞tə ɕˈi tˈä 
0275	ja	roman-numeral	第2章b節、iii項、XIX段落を参照。	(en)tʃˈaɪniːz(ja)lˈe̞tə nˈiː (en)tʃˈaɪniːz(ja)lˈe̞tə (en)bˈiː tʃˈaɪniːz(ja)lˈe̞tə (en)ˈaɪ ˈaɪ ˈaɪ tʃˈaɪniːz(ja)lˈe̞tə (en)ˈɛks ˈaɪ ˈɛks tʃˈaɪniːz(ja)lˈe̞tə (en)tʃˈaɪniːz(ja)lˈe̞tə ˈo̞ (en)tʃˈaɪniːz(ja)lˈe̞tə (en)tʃˈaɪniːz(ja)lˈe̞tə 
0276	ja	roman-numeral	ルイ14世はエリザベス2世に会った；法王ピウス12世が見ていた。	ɽˈɯᵝi dzˈɯᵝsi hˌäe̞ɽˌizäbˈe̞sɯᵝ nˈiː (en)tʃˈaɪniːz(ja)lˈe̞tə nˈi (en)tʃˈaɪniːz(ja)lˈe̞tə ʔ tˈä (en)tʃˈaɪniːz(ja)lˈe̞tə (en)tʃˈaɪniːz(ja)lˈe̞tə çˈi (en)dʒˈapəniːz(ja)lˈe̞tə ˈɯᵝ sˈɯᵝ dzˈɯᵝniː (en)tʃˈaɪniːz(ja)lˈe̞tə kˈä (en)dʒˈapəniːz(ja)lˈe̞tə (en)tʃˈaɪniːz(ja)lˈe̞tə tˈe̞ ˈi tˈä 
0277	ja	dialogue	彼は言った。「できない——いや、したくない」。彼女は答えた。「来ますか？」	(en)tʃˈaɪniːz(ja)lˈe̞tə hˈä (en)tʃˈaɪniːz(ja)lˈe̞tə ʔ tˈä dˌe̞kinˈäi——ˈijä ɕˌitäkɯᵝnˈäi (en)tʃˈaɪniːz(ja)lˈe̞tə (en)tʃˈaɪniːz(ja)lˈe̞tə hˈä (en)tʃˈaɪniːz(ja)lˈe̞tə ˈe̞ tˈä mäsˈɯᵝkä 
0278	ja	dialogue	「待って——違う。それは... そうじゃない」。彼は止まった。	ttˈe̞——ˈɯᵝ so̞ɽˈe̞hä... sˌo̞ɯᵝdʑänˈäi (en)tʃˈaɪniːz(ja)lˈe̞tə hˈä (en)tʃˈaɪniːz(ja)lˈe̞tə mˈä ʔ tˈä 
0279	hi	currency	₹45 पर 15% बख्शीश, और 20 पैसे बचे।	paɪntˈaːlis pˈʌɾ pˈʌndɾəh pətˈɪʃət bəkʰʃˈiːʃ, ɔːɾ bˈiːs pˈɛːseː bˈʌceː 
0280	ja	heading	第一章　思いがけないパーティー	(en)tʃˈaɪniːz(ja)lˈe̞tə (en)tʃˈaɪniːz(ja)lˈe̞tə (en)tʃˈaɪniːz(ja)lˈe̞tə ˌiɡäkˌe̞näipˈäätiː 
0281	ja	heading	第二部　旅は続く	(en)tʃˈaɪniːz(ja)lˈe̞tə (en)tʃˈaɪniːz(ja)lˈe̞tə (en)tʃˈaɪniːz(ja)lˈe̞tə (en)tʃˈaɪniːz(ja)lˈe̞tə hˈä (en)tʃˈaɪniːz(ja)lˈe̞tə kˈɯᵝ 
0282	ja	heading	付録A　発音ガイド	(en)tʃˈaɪniːz(ja)lˈe̞tə (en)tʃˈaɪniːz(ja)lˈe̞tə (en)ˈeɪ tʃˈaɪniːz(ja)lˈe̞tə (en)tʃˈaɪniːz(ja)lˈe̞tə kˈä (en)dʒˈapəniːz(ja)lˈe̞tə ˈi tˈo̞ (en)dʒˈapəniːz(ja)lˈe̞tə 
0283	ja	footnote	詳細は注1を参照。¹	(en)tʃˈaɪniːz(ja)lˈe̞tə (en)tʃˈaɪniːz(ja)lˈe̞tə hˈä (en)tʃˈaɪniːz(ja)lˈe̞tə ˈitsi ˈo̞ (en)tʃˈaɪniːz(ja)lˈe̞tə (en)tʃˈaɪniːz(ja)lˈe̞tə 
0284	ja	footnote	この説には異論がある。² 他の研究者も同意しない。³	ˈitsi kˈo̞ nˈo̞ (en)tʃˈaɪniːz(ja)lˈe̞tə nˈi hˈä (en)tʃˈaɪniːz(ja)lˈe̞tə (en)tʃˈaɪniːz(ja)lˈe̞tə kˈä (en)dʒˈapəniːz(ja)lˈe̞tə ˈä ɽˈɯᵝ nˈiː (en)tʃˈaɪniːz(ja)lˈe̞tə nˈo̞ (en)tʃˈaɪniːz(ja)lˈe̞tə (en)tʃˈaɪniːz(ja)lˈe̞tə (en)tʃˈaɪniːz(ja)lˈe̞tə mˈo̞ (en)tʃˈaɪniːz(ja)lˈe̞tə (en)tʃˈaɪniːz(ja)lˈe̞tə ɕˈi nˈä ˈi 
0285	ja	footnote	表2†が示すとおり、傾向は続いている。‡	sˈän (en)tʃˈaɪniːz(ja)lˈe̞tə nˈiː kˈä (en)dʒˈapəniːz(ja)lˈe̞tə (en)tʃˈaɪniːz(ja)lˈe̞tə sˈɯᵝ tˈo̞ ˈo̞ ɽˈi (en)tʃˈaɪniːz(ja)lˈe̞tə (en)tʃˈaɪniːz(ja)lˈe̞tə hˈä (en)tʃˈaɪniːz(ja)lˈe̞tə ˈi tˈe̞ ˈi ɽˈɯᵝ 
0286	ja	page-furniture	42ページ／320ページ — 前ページから続く — 章の終わり。	jo̞n dzˈɯᵝniː pˈe̞e̞dʑi sˌänçäkɯᵝ nˈi dzɯᵝ pˈe̞e̞dʑi — (en)tʃˈaɪniːz(ja)lˈe̞tə hˈe̞ (en)dʒˈapəniːz(ja)lˈe̞tə (en)dʒˈapəniːz(ja)lˈe̞tə ɕˈi (en)dʒˈapəniːz(ja)lˈe̞tə kˈä ɽˈä (en)tʃˈaɪniːz(ja)lˈe̞tə kˈɯᵝ — (en)tʃˈaɪniːz(ja)lˈe̞tə nˈo̞ (en)tʃˈaɪniːz(ja)lˈe̞tə wˈä ɽˈi 
0287	ja	page-furniture	137ページ、8〜19行、柱：旅の仲間	ˌitsiçˌäkɯᵝ sˌän dzɯᵝsˈitsi pˈe̞e̞dʑi hˈätsi (en)dʒˈapəniːz(ja)lˈe̞tə dzˈɯᵝkʲɯᵝɯᵝ (en)tʃˈaɪniːz(ja)lˈe̞tə (en)tʃˈaɪniːz(ja)lˈe̞tə (en)tʃˈaɪniːz(ja)lˈe̞tə nˈo̞ (en)tʃˈaɪniːz(ja)lˈe̞tə (en)tʃˈaɪniːz(ja)lˈe̞tə 
0288	ja	page-furniture	89ページ — 原本では白紙 — 90ページを参照。	hˌätsi dzˈɯᵝkʲɯᵝɯᵝ pˈe̞e̞dʑi — (en)tʃˈaɪniːz(ja)lˈe̞tə (en)tʃˈaɪniːz(ja)lˈe̞tə tˈe̞ (en)dʒˈapəniːz(ja)lˈe̞tə hˈä (en)tʃˈaɪniːz(ja)lˈe̞tə (en)tʃˈaɪniːz(ja)lˈe̞tə — kʲˈɯᵝɯᵝ dzɯᵝ hˈe̞ (en)dʒˈapəniːz(ja)lˈe̞tə (en)dʒˈapəniːz(ja)lˈe̞tə ɕˈi (en)dʒˈapəniːz(ja)lˈe̞tə ˈo̞ (en)tʃˈaɪniːz(ja)lˈe̞tə (en)tʃˈaɪniːz(ja)lˈe̞tə 
0289	ja	url-code	https://example.com/path?q=1&x=2 を訪れるか、a@b.co にメールを。	(en)ˈeɪtʃ tˈiː tˈiː pˈiː ˈɛs(ja):(en)slˈaʃslaʃ ˈiː ˈɛks ˈeɪ ˈɛm pˈiː ˈɛl ˈiː(ja).(en)sˈiː ˈəʊ ˈɛm slˈaʃ pˈiː ˈeɪ tˈiː ˈeɪtʃ(ja)?(en)kjˈuː ˈiːkwəlz(ja) ˈitsi (en)and ˈɛks ˈiːkwəlz(ja) nˈiː ˈo̞ (en)tʃˈaɪniːz(ja)lˈe̞tə ɽˈe̞ ɽˈɯᵝ kˈä (en)ˈeɪ at bˈiː(ja).(en)sˈiː ˈəʊ(ja) nˌime̞e̞ɽˈɯᵝo̞ 
0290	ja	url-code	変数 x_1 は foo(bar, 2) と等しい；if (a && b) return;	(en)tʃˈaɪniːz(ja)lˈe̞tə (en)tʃˈaɪniːz(ja)lˈe̞tə (en)ˈɛks(ja) ˈitsi hˈä (en)ˈɛf ˈəʊ ˈəʊ(ja)((en)bˈiː ˈeɪ ˈɑː(ja), nˈiː) tˈo̞ (en)tʃˈaɪniːz(ja)lˈe̞tə ɕˈi ˈi (en)ˈaɪ ˈɛf(ja) ((en)ˈeɪ ˈandand bˈiː(ja)) (en)ˈɑː ˈiː tˈiː jˈuː ˈɑː ˈɛn(ja); 
0291	ja	url-code	npm run build --watch を実行するか、C:\Users\doc\README.md を開く。	(en)ˈɛn pˈiː ˈɛm ˈɑː jˈuː ˈɛn bˈiː jˈuː ˈaɪ ˈɛl dˈiː dˈʌbəljˌuː ˈeɪ tˈiː sˈiː ˈeɪtʃ(ja) ˈo̞ (en)tʃˈaɪniːz(ja)lˈe̞tə (en)tʃˈaɪniːz(ja)lˈe̞tə sˈɯᵝ ɽˈɯᵝ kˈä:(en)sˈiː bˈakslaʃ jˈuː ˈɛs ˈiː ˈɑː ˈɛs bˈakslaʃ dˈiː ˈəʊ sˈiː bˈakslaʃ ˈɑː ˈiː ˈeɪ dˈiː ˈɛm ˈiː(ja).(en)ˈɛm dˈiː(ja) ˈo̞ (en)tʃˈaɪniːz(ja)lˈe̞tə kˈɯᵝ 
0292	ja	long-paragraph	朝の魚市場は日の出前に始まる。トラックが石畳の上でまだ轟いているうちに、仲買人が台に氷を敷き詰める。最初の買い物客は値段を確かめ、押して、尋ねて、決める。九時ごろには時間のある人たちがやってきて、市場は半分の速度になる。正午の暑さが迷う人を追い払い、店は夕方まで幕を下ろす。どんな観光案内にも載っていない儀式であり、だからこそ続いているのだ。	(en)tʃˈaɪniːz(ja)lˈe̞tə nˈo̞ (en)tʃˈaɪniːz(ja)lˈe̞tə (en)tʃˈaɪniːz(ja)lˈe̞tə (en)tʃˈaɪniːz(ja)lˈe̞tə hˈä (en)tʃˈaɪniːz(ja)lˈe̞tə nˈo̞ (en)tʃˈaɪniːz(ja)lˈe̞tə (en)tʃˈaɪniːz(ja)lˈe̞tə nˈi (en)tʃˈaɪniːz(ja)lˈe̞tə mˈä ɽˈɯᵝ tˈo̞ ɽˈä ʔ kˈɯᵝ kˈä (en)dʒˈapəniːz(ja)lˈe̞tə (en)tʃˈaɪniːz(ja)lˈe̞tə (en)tʃˈaɪniːz(ja)lˈe̞tə nˈo̞ (en)tʃˈaɪniːz(ja)lˈe̞tə tˈe̞ (en)dʒˈapəniːz(ja)lˈe̞tə mˈä tˈä (en)dʒˈapəniːz(ja)lˈe̞tə (en)tʃˈaɪniːz(ja)lˈe̞tə ˈi tˈe̞ ˈi ɽˈɯᵝ ˈɯᵝ tɕˈi nˈi (en)tʃˈaɪniːz(ja)lˈe̞tə (en)tʃˈaɪniːz(ja)lˈe̞tə (en)tʃˈaɪniːz(ja)lˈe̞tə kˈä (en)dʒˈapəniːz(ja)lˈe̞tə (en)tʃˈaɪniːz(ja)lˈe̞tə nˈi (en)tʃˈaɪniːz(ja)lˈe̞tə ˈo̞ (en)tʃˈaɪniːz(ja)lˈe̞tə kˈi (en)tʃˈaɪniːz(ja)lˈe̞tə mˈe̞ ɽˈɯᵝ (en)tʃˈaɪniːz(ja)lˈe̞tə (en)tʃˈaɪniːz(ja)lˈe̞tə nˈo̞ (en)tʃˈaɪniːz(ja)lˈe̞tə ˈi (en)tʃˈaɪniːz(ja)lˈe̞tə (en)tʃˈaɪniːz(ja)lˈe̞tə hˈä (en)tʃˈaɪniːz(ja)lˈe̞tə (en)tʃˈaɪniːz(ja)lˈe̞tə ˈo̞ (en)tʃˈaɪniːz(ja)lˈe̞tə kˈä mˈe̞ ɕˈite̞ nˈe̞te̞ mˈe̞ɽɯᵝ (en)tʃˈaɪniːz(ja)lˈe̞tə (en)tʃˈaɪniːz(ja)lˈe̞tə kˈo̞ (en)dʒˈapəniːz(ja)lˈe̞tə ɽˈo̞ nˈi hˈä (en)tʃˈaɪniːz(ja)lˈe̞tə (en)tʃˈaɪniːz(ja)lˈe̞tə nˈo̞ ˈä ɽˈɯᵝ (en)tʃˈaɪniːz(ja)lˈe̞tə tˈä tɕˈi kˈä (en)dʒˈapəniːz(ja)lˈe̞tə jˈä ʔ tˈe̞ kˈi tˈe̞ (en)tʃˈaɪniːz(ja)lˈe̞tə (en)tʃˈaɪniːz(ja)lˈe̞tə hˈä (en)tʃˈaɪniːz(ja)lˈe̞tə (en)tʃˈaɪniːz(ja)lˈe̞tə nˈo̞ (en)tʃˈaɪniːz(ja)lˈe̞tə (en)tʃˈaɪniːz(ja)lˈe̞tə nˈi nˈä ɽˈɯᵝ (en)tʃˈaɪniːz(ja)lˈe̞tə (en)tʃˈaɪniːz(ja)lˈe̞tə nˈo̞ (en)tʃˈaɪniːz(ja)lˈe̞tə sˈä kˈä (en)dʒˈapəniːz(ja)lˈe̞tə (en)tʃˈaɪniːz(ja)lˈe̞tə ˈɯᵝ (en)tʃˈaɪniːz(ja)lˈe̞tə ˈo̞ (en)tʃˈaɪniːz(ja)lˈe̞tə ˈi (en)tʃˈaɪniːz(ja)lˈe̞tə ˈi (en)tʃˈaɪniːz(ja)lˈe̞tə hˈä (en)tʃˈaɪniːz(ja)lˈe̞tə (en)tʃˈaɪniːz(ja)lˈe̞tə mˈä tˈe̞ (en)dʒˈapəniːz(ja)lˈe̞tə (en)tʃˈaɪniːz(ja)lˈe̞tə ˈo̞ (en)tʃˈaɪniːz(ja)lˈe̞tə ɽˈo̞ sˈɯᵝ tˈo̞ (en)dʒˈapəniːz(ja)lˈe̞tə ɴ nˈä (en)tʃˈaɪniːz(ja)lˈe̞tə (en)tʃˈaɪniːz(ja)lˈe̞tə (en)tʃˈaɪniːz(ja)lˈe̞tə (en)tʃˈaɪniːz(ja)lˈe̞tə nˈi mˈo̞ (en)tʃˈaɪniːz(ja)lˈe̞tə ʔ tˈe̞ ˈi nˈä ˈi (en)tʃˈaɪniːz(ja)lˈe̞tə (en)tʃˈaɪniːz(ja)lˈe̞tə tˈe̞ (en)dʒˈapəniːz(ja)lˈe̞tə ˈä ɽˈi tˈä (en)dʒˈapəniːz(ja)lˈe̞tə kˈä ɽˈä kˈo̞ sˈo̞ (en)tʃˈaɪniːz(ja)lˈe̞tə ˈi tˈe̞ ˈi ɽˈɯᵝ nˈo̞ tˈä (en)dʒˈapəniːz(ja)lˈe̞tə 
0293	ja	long-paragraph	図書館は子どもの頃のままではなかった。昔の棚には祖父の説教集が並んでいたが、今は背の割れた文庫本が並んでいる。彼女はテーブルの間をゆっくり歩き、母が冬の夜に声を出して読んでくれた本を思い出した。貸出の窓口では、女性がマイクロフィルムについての質問に根気よく答えていた。ついに区の記録帳を見つけ、緑の布表紙のそれを、光の最も良い場所に置いて腰を下ろした。顔を上げたとき、窓は暗くなっていて、用務員が鍵を持って待っていた。	(en)tʃˈaɪniːz(ja)lˈe̞tə (en)tʃˈaɪniːz(ja)lˈe̞tə (en)tʃˈaɪniːz(ja)lˈe̞tə hˈä (en)tʃˈaɪniːz(ja)lˈe̞tə tˈo̞ (en)dʒˈapəniːz(ja)lˈe̞tə mˈo̞ nˈo̞ (en)tʃˈaɪniːz(ja)lˈe̞tə nˈo̞ mˈä mˈä tˈe̞ (en)dʒˈapəniːz(ja)lˈe̞tə hˈä nˈä kˈä ʔ tˈä (en)tʃˈaɪniːz(ja)lˈe̞tə nˈo̞ (en)tʃˈaɪniːz(ja)lˈe̞tə nˈi hˈä (en)tʃˈaɪniːz(ja)lˈe̞tə (en)tʃˈaɪniːz(ja)lˈe̞tə nˈo̞ (en)tʃˈaɪniːz(ja)lˈe̞tə (en)tʃˈaɪniːz(ja)lˈe̞tə (en)tʃˈaɪniːz(ja)lˈe̞tə kˈä (en)dʒˈapəniːz(ja)lˈe̞tə (en)tʃˈaɪniːz(ja)lˈe̞tə ɴ tˈe̞ (en)dʒˈapəniːz(ja)lˈe̞tə ˈi tˈä kˈä (en)dʒˈapəniːz(ja)lˈe̞tə (en)tʃˈaɪniːz(ja)lˈe̞tə hˈä (en)tʃˈaɪniːz(ja)lˈe̞tə nˈo̞ (en)tʃˈaɪniːz(ja)lˈe̞tə ɽˈe̞ tˈä (en)tʃˈaɪniːz(ja)lˈe̞tə (en)tʃˈaɪniːz(ja)lˈe̞tə (en)tʃˈaɪniːz(ja)lˈe̞tə kˈä (en)dʒˈapəniːz(ja)lˈe̞tə (en)tʃˈaɪniːz(ja)lˈe̞tə ɴ tˈe̞ (en)dʒˈapəniːz(ja)lˈe̞tə ˈi ɽˈɯᵝ (en)tʃˈaɪniːz(ja)lˈe̞tə (en)tʃˈaɪniːz(ja)lˈe̞tə hˈä tˈe̞ (en)dʒˈapəniːz(ja)lˈe̞tə ɸˈɯᵝ (en)dʒˈapəniːz(ja)lˈe̞tə ɽˈɯᵝ nˈo̞ (en)tʃˈaɪniːz(ja)lˈe̞tə ˈo̞ jˈɯᵝ ʔ kˈɯᵝ ɽˈi (en)tʃˈaɪniːz(ja)lˈe̞tə kˈi (en)tʃˈaɪniːz(ja)lˈe̞tə kˈä (en)dʒˈapəniːz(ja)lˈe̞tə (en)tʃˈaɪniːz(ja)lˈe̞tə nˈo̞ (en)tʃˈaɪniːz(ja)lˈe̞tə nˈi (en)tʃˈaɪniːz(ja)lˈe̞tə ˈo̞ (en)tʃˈaɪniːz(ja)lˈe̞tə ɕˈi tˈe̞ (en)tʃˈaɪniːz(ja)lˈe̞tə ɴ tˈe̞ (en)dʒˈapəniːz(ja)lˈe̞tə kˈɯᵝ ɽˈe̞ tˈä (en)tʃˈaɪniːz(ja)lˈe̞tə ˈo̞ (en)tʃˈaɪniːz(ja)lˈe̞tə ˈi (en)tʃˈaɪniːz(ja)lˈe̞tə ɕˈi tˈä (en)tʃˈaɪniːz(ja)lˈe̞tə (en)tʃˈaɪniːz(ja)lˈe̞tə nˈo̞ (en)tʃˈaɪniːz(ja)lˈe̞tə (en)tʃˈaɪniːz(ja)lˈe̞tə tˈe̞ (en)dʒˈapəniːz(ja)lˈe̞tə hˈä (en)tʃˈaɪniːz(ja)lˈe̞tə (en)tʃˈaɪniːz(ja)lˈe̞tə kˈä (en)dʒˈapəniːz(ja)lˈe̞tə mˈä ˈi kˈɯᵝ ɽˈo̞ ɸˈɯᵝ (en)dʒˈapəniːz(ja)lˈe̞tə ɽˈɯᵝ mˈɯᵝ nˈi tsˈɯᵝ ˈi tˈe̞ nˈo̞ (en)tʃˈaɪniːz(ja)lˈe̞tə (en)tʃˈaɪniːz(ja)lˈe̞tə nˈi (en)tʃˈaɪniːz(ja)lˈe̞tə (en)tʃˈaɪniːz(ja)lˈe̞tə jˈo̞ kˈɯᵝ (en)tʃˈaɪniːz(ja)lˈe̞tə ˈe̞ tˈe̞ ˈi tˈä tsˈɯᵝ ˈi nˈi (en)tʃˈaɪniːz(ja)lˈe̞tə nˈo̞ (en)tʃˈaɪniːz(ja)lˈe̞tə (en)tʃˈaɪniːz(ja)lˈe̞tə (en)tʃˈaɪniːz(ja)lˈe̞tə ˈo̞ (en)tʃˈaɪniːz(ja)lˈe̞tə tsˈɯᵝ kˈe̞ (en)tʃˈaɪniːz(ja)lˈe̞tə nˈo̞ (en)tʃˈaɪniːz(ja)lˈe̞tə (en)tʃˈaɪniːz(ja)lˈe̞tə (en)tʃˈaɪniːz(ja)lˈe̞tə nˈo̞ sˈo̞ ɽˈe̞ ˈo̞ (en)tʃˈaɪniːz(ja)lˈe̞tə nˈo̞ (en)tʃˈaɪniːz(ja)lˈe̞tə mˈo̞ (en)tʃˈaɪniːz(ja)lˈe̞tə ˈi (en)tʃˈaɪniːz(ja)lˈe̞tə (en)tʃˈaɪniːz(ja)lˈe̞tə nˈi (en)tʃˈaɪniːz(ja)lˈe̞tə ˈi tˈe̞ (en)tʃˈaɪniːz(ja)lˈe̞tə ˈo̞ (en)tʃˈaɪniːz(ja)lˈe̞tə ɽˈo̞ ɕˈi tˈä (en)tʃˈaɪniːz(ja)lˈe̞tə ˈo̞ (en)tʃˈaɪniːz(ja)lˈe̞tə kˈe̞ (en)dʒˈapəniːz(ja)lˈe̞tə tˈä tˈo̞ kˈi (en)tʃˈaɪniːz(ja)lˈe̞tə hˈä (en)tʃˈaɪniːz(ja)lˈe̞tə kˈɯᵝ nˈä ʔ tˈe̞ ˈi tˈe̞ (en)tʃˈaɪniːz(ja)lˈe̞tə (en)tʃˈaɪniːz(ja)lˈe̞tə (en)tʃˈaɪniːz(ja)lˈe̞tə kˈä (en)dʒˈapəniːz(ja)lˈe̞tə (en)tʃˈaɪniːz(ja)lˈe̞tə ˈo̞ (en)tʃˈaɪniːz(ja)lˈe̞tə ʔ tˈe̞ (en)tʃˈaɪniːz(ja)lˈe̞tə ʔ tˈe̞ ˈi tˈä 
0294	ja	speed-transition	待って——違う。それは... そうじゃない。止まれ。見ろ。行け！	ttˈe̞——ˈɯᵝ so̞ɽˈe̞hä... sˌo̞ɯᵝdʑänˈäi mˈäɽe̞ ɽˈo̞ kˈe̞ 
0295	ja	speed-transition	一、二...三？いや——四。四、四、四。	(en)tʃˈaɪniːz(ja)lˈe̞tə...(en)tʃˈaɪniːz(ja)lˈe̞tə (en)tʃˈaɪniːz(ja)lˈe̞tə ˈijä——(en)tʃˈaɪniːz(ja)lˈe̞tə (en)tʃˈaɪniːz(ja)lˈe̞tə (en)tʃˈaɪniːz(ja)lˈe̞tə (en)tʃˈaɪniːz(ja)lˈe̞tə 
0296	cmn	name	王小明和李华在北京见了面。	wˈɑɜŋ ɕjˈɑu2 mˈiɜŋ χˈo-ɜ lˈi2 χwˈɑɜ tsˈai5 pˈei2 tɕˈi5ŋ tɕˈiɛ5n lˈə1 mˈiɛ5n 
0297	cmn	name	张伟、王芳和刘强都参加了那次会议。	ts.ˈɑ5ŋ wˈei2 wˈɑɜŋ fˈɑ5ŋ χˈo-ɜ lˈiouɜ tɕhˈiɑɜŋ tˈou5 tshˈa5n tɕˈiɑ5 lˈə1 nˈɑ5 tshˈi̪5 χˈuei5 jˈi5 
0298	cmn	name	猫王、伊丽莎白二世和圣保罗都出现在正文里。	mˈɑu5 wˈɑɜŋ jˈi5 lˈi5 s.ˈɑ5 pˈaiɜ ˈər5 s.ˈi.5 χˈo-ɜ s.ˈə5ŋ pˈɑu2 lˈuoɜ tˈou5 ts.hˈu5 ɕˈiɛ5n tsˈai5 ts.ˈə5ŋ wˈuəɜn lˈi2 
0299	cmn	honorific	王女士、李教授和张老师中午到达。	wˈɑɜŋ nˈy2 s.ˈi.5 lˈi2 tɕjˈɑu5 s.ˈou5 χˈo-ɜ ts.ˈɑ5ŋ lˈɑu2 s.ˈi.5 ts.onɡ5wˈu2 tˈɑu5 tˈɑɜ 
0300	cmn	honorific	张先生向李女士打听王博士的消息。	ts.ˈɑ5ŋ ɕiɛ5ns.ˈə1ŋ ɕˈiɑ5ŋ lˈi2 nˈy2 s.ˈi.5 tɑ2thˈi1ŋ wˈɑɜŋ pˈoɜ s.ˈi.5 tˈə1 ɕjˈɑu5 ɕˈi1 
0301	cmn	abbreviation	她读了例如第一章，即第5页，还记下了等等。	thˈɑ5 tˈuɜ lˈə1 lˈi5 ʐˈuɜ tˈi5 jˈi5 ts.ˈɑ5ŋ tɕˈiɜ tˈi5 wˈu2 jˈiɛ5 χˈaiɜ tɕˈi5 ɕˈiɑ5 lˈə1 tə2ŋtˈə2ŋ 
0302	cmn	abbreviation	GDP、CPI和CEO都是缩写词。	(en)dʒˌiːdˌiːpˈiː(cmn) (en)sˌiːpˌiːˈaɪ(cmn) χˈo-ɜ (en)sˌiːˌiːˈəʊ(cmn) tˈou5 s.ˈi.5 suo5ɕˈiɛ2 tshˈi̪ɜ 
0303	cmn	number	有1,204,567人；π是3.14159；0.5%是一半。	jˈiou2 jˈi5 ˌər5pai2 si̪5 tɕhˈiɛ5n wˌu2pai2 lˈiou5s.i.ɜtɕhˌi5 ʐˈəɜn (el)pˈi(cmn) s.ˈi.5 sˈa5n jˌi5si̪5jˌi5wu2tɕˈiou2 liɜŋ tˈiɛɜn wu2 (en)pəsˈɛnt(cmn) s.ˈi.5 jiɜpˈa5n 
0304	cmn	number	气温降到了零下5度，9点45分回升了2.5度。	tɕhˈi5 wˈuə5n tɕˈiɑ5ŋ tˈɑu5 lˈə1 lˈiɜŋ ɕˈiɑ5 wˈu2 tˈu5 tɕˈiou2 tˈiɛ2n sˈi̪5s.i.ɜwˌu2 fˈə5n χˈueiɜ s.ˈə5ŋ lˈə1 ˈər5 wˈu2 tˈu5 
0305	cmn	number	赔率是3比1，答案是42，0.5%是一半。	phˈeiɜ lˈy5 s.ˈi.5 sˈa5n pˈi2 jˈi5 tˈɑɜ ˈa5n s.ˈi.5 sˈi̪5s.i.ɜˌər5 liɜŋ tˈiɛɜn wu2 (en)pəsˈɛnt(cmn) s.ˈi.5 jiɜpˈa5n 
0306	cmn	date	他们在2024年3月4日见面；那天其实是5月21日。	thˈɑ5 mˈə1n tsˈai5 ər5 tɕhˈiɛ5n ər5s.ˌi.ɜsi̪5 nˈiɛɜn sˈa5n jˈyɛ5 sˈi̪5 ʐˈi.5 tɕˈiɛ5n mˈiɛ5n nˈɑ5 thˈiɛ5n tɕhˈiɜ s.ˈi.ɜ s.ˈi.5 wˈu2 jˈyɛ5 ˌər5s.i.ɜjˈi5 ʐˈi.5 
0307	cmn	date	1999年12月25日，第二版出版了。	ji5 tɕhˈiɛ5n tɕiou2pai2 tɕˈiou2s.i.ɜtɕˌiou2 nˈiɛɜn s.i.ɜˈər5 jˈyɛ5 ˌər5s.i.ɜwˈu2 ʐˈi.5 tˈi5 ˈər5 pˈa2n ts.hu5pˈa2n lˈə1 
0308	cmn	date	3/4/2024，也就是2024年3月4日。	sˈa5n (en)slˈaʃ(cmn) sˈi̪5 (en)slˈaʃ(cmn) ər5 tɕhˈiɛ5n ər5s.ˌi.ɜsi̪5 jˈiɛ2 tɕˈiou5 s.ˈi.5 ər5 tɕhˈiɛ5n ər5s.ˌi.ɜsi̪5 nˈiɛɜn sˈa5n jˈyɛ5 sˈi̪5 ʐˈi.5 
0309	cmn	currency	它花了1,234.56元，或99.95欧元，或50英镑。	thˈɑ5 χwˈɑ5 lˈə1 jˈi5 ˌər5pai2 sˈa5ns.i.ɜsi̪5 tˈiɛɜn wu2 lˌiou5 jˈyæɜn χˈuo5 tɕˈiou2s.i.ɜtɕiou2 tˈiɛɜn tɕiou2 wˌu2 ˈou5 jˈyæɜn χˈuo5 wˈu2s.i.ɜ jˈi5ŋ pˈɑ5ŋ 
0310	cmn	currency	在45元上加了15%的小费，省了2角钱。	tsˈai5 sˈi̪5s.i.ɜwˌu2 jˈyæɜn s.ˈɑ5ŋ tɕˈiɑ5 lˈə1 s.i.ɜwˈu2 (en)pəsˈɛnt(cmn) tˈə1 ɕjˈɑu2 fˈei5 s.ˈə2ŋ lˈə1 ˈər5 tɕjˈɑu2 tɕhˈiɛɜn 
0311	cmn	currency	价格一年内从1,234.56元涨到了1,400元。	tɕˈiɑ5 kˈo-ɜ ji5nˈiɛɜn nˈei5 tshˈonɡɜ jˈi5 ˌər5pai2 sˈa5ns.i.ɜsi̪5 tˈiɛɜn wu2 lˌiou5 jˈyæɜn ts.ˈɑ2ŋ tˈɑu5 lˈə1 jˈi5 si̪5pˈai2 jˈyæɜn 
0312	cmn	measurement	房间长12英尺宽8米；重2.5公斤，容量3升。	fˈɑɜŋ tɕˈiɛ5n ts.hˈɑɜŋ s.i.ɜˈər5 ji5ŋts.hˈi.2 khwˈa5n pˈɑ5 mˈi2 ts.ˈonɡ5 ˈər5 wˈu2 kˈonɡ5 tɕˈi5n ʐˈonɡɜ lˈiɑ5ŋ sˈa5n s.ˈə5ŋ 
0313	cmn	measurement	向北开5公里，时速90公里，气温36摄氏度。	ɕiɑ5ŋpˈei2 khˈai5 wˈu2 konɡ5lˈi2 s.ˈi.ɜ sˈu5 tɕˈiou2s.i.ɜ konɡ5lˈi2 tɕhˈi5 wˈuə5n sˈa5ns.i.ɜlˌiou5 s.ˈo-5 s.ˈi.5 tˈu5 
0314	cmn	measurement	体重90公斤，时速15公里，气温20度。	thˈi2 ts.ˈonɡ5 tɕˈiou2s.i.ɜ kˈonɡ5 tɕˈi5n s.ˈi.ɜ sˈu5 s.i.ɜwˈu2 konɡ5lˈi2 tɕhˈi5 wˈuə5n ər5s.ˈi.ɜ tˈu5 
0315	cmn	roman-numeral	第IV章从第42行开始；亨利八世在位。	tˈi5 (en)ˈɪv(cmn) ts.ˈɑ5ŋ tshˈonɡɜ tˈi5 sˈi̪5s.i.ɜˌər5 ɕˈiɜŋ khai5s.ˈi.2 χˈə5ŋ lˈi5 pˈɑ5 s.ˈi.5 tsˈai5 wˈei5 
0316	cmn	roman-numeral	见第2章b节、第iii小节、第XIX段。	tɕˈiɛ5n tˈi5 ˈər5 ts.ˈɑ5ŋ (en)bˈiː(cmn) tɕˈiɛɜ tˈi5 (en)ˈɪɪˌaɪ(cmn) ɕjˈɑu2 tɕˈiɛɜ tˈi5 (en)zˈɪks(cmn) tˈua5n 
0317	cmn	roman-numeral	路易十四见过伊丽莎白二世；教皇庇护十二世在位。	lˈu5 jˈi5 s.ˈi.ɜ sˈi̪5 tɕˈiɛ5n kˈuo5 jˈi5 lˈi5 s.ˈɑ5 pˈaiɜ ˈər5 s.ˈi.5 tɕjˈɑu5 χwˈɑɜŋ pˈi5 χˈu5 s.ˈi.ɜ ˈər5 s.ˈi.5 tsˈai5 wˈei5 
0318	cmn	dialogue	他说："我不能——好吧，我不愿意。"她回答："你来吗？"	thˈɑ5 s.wˈo5"wˈo2 pˈu5 nˈəɜŋ——χˈɑu2 pˈɑ1 wˈo2 pˌuɜjyæ5njˈi1"thˈɑ5 χˈueiɜ tˈɑɜ"nˈi2 lˈaiɜ mˈɑ1" 
0319	cmn	dialogue	"小心，"他说，"小心......永远都小心。"	"ɕjˈɑu2 ɕˈi5n"thˈɑ5 s.wˈo5"ɕjˈɑu2 ɕˈi5n......jonɡ2jˈyæ2n tˈou5 ɕjˈɑu2 ɕˈi5n" 
0320	cmn	dialogue	——你来了？——来了。票也带来了，当然。	——nˈi2 lˈaiɜ lˈə1——lˈaiɜ lˈə1 phjˈɑu5 jˈiɛ2 tˈai5 lˈaiɜ lˈə1 tˈɑ5ŋ ʐˈaɜn 
0321	cmn	heading	第一章：一场意外的宴会	tˈi5 jˈi5 ts.ˈɑ5ŋ ji5ts.hˈɑɜŋ jˈi5 wˈai5 tˈə1 jˈiɛ5n χˈuei5 
0322	cmn	heading	第二部——路还在继续	tˈi5 ˈər5 pˈu5——lˈu5 χˈaiɜ tsˈai5 tɕˈi5 ɕˈy5 
0323	cmn	heading	附录A：发音指南	fˈu5 lˈu5 (en)ˈeɪ(cmn) fˈɑ5 jˈi5n ts.ˈi.2 nˈaɜn 
0324	cmn	footnote	详情见注1。¹	ɕˈiɑɜŋ tɕhˈiɜŋ tɕˈiɛ5n ts.ˈu5 jˈi5 
0325	cmn	footnote	这一说法有争议。² 其他学者不同意。³	jˈi5 ts.ˈo-5 ji5s.wˈo5 fˈɑ2 jˈiou2 ts.ˈə5ŋ jˈi5 ˈər5 tɕhˈiɜ thˈɑ5 ɕyɛɜts.ˈo-2 pˈu5 thˈonɡɜ jˈi5 
0326	cmn	footnote	如表2†所示，趋势仍在持续。‡	sˈa5n ʐˈuɜ pjˈɑu2 ˈər5 sˈuo2 s.ˈi.5 tɕhˈy5 s.ˈi.5 ʐˈəɜŋ tsˈai5 ts.hˈi.ɜ ɕˈy5 
0327	cmn	page-furniture	第42页，共320页 —— 接上页 —— 本章完。	tˈi5 sˈi̪5s.i.ɜˌər5 jˈiɛ5 kˈonɡ5 sˌa5npai2 ər5s.ˈi.ɜ jˈiɛ5 —— tɕˈiɛ5 s.ˈɑ5ŋ jˈiɛ5 —— pˈə2n ts.ˈɑ5ŋ wˈɑɜn 
0328	cmn	page-furniture	第137页，第8-19行，书眉：远征队	tˈi5 jˌi5pai2 sˈa5ns.i.ɜtɕhˌi5 jˈiɛ5 tˈi5 pˈɑ5 s.i.ɜtɕˈiou2 ɕˈiɜŋ s.ˈu5 mˈeiɜ jˈyæ2n ts.ˈə5ŋ tˈuei5 
0329	cmn	page-furniture	第89页 —— 原版此处空白 —— 见第90页。	tˈi5 pˈɑ5s.i.ɜtɕˌiou2 jˈiɛ5 —— jˈyæɜn pˈa2n tshˈi̪2 ts.hˈu5 khonɡ5pˈaiɜ —— tɕˈiɛ5n tˈi5 tɕˈiou2s.i.ɜ jˈiɛ5 
0330	cmn	url-code	访问 https://example.com/path?q=1&x=2 或发邮件给 a@b.co。	fˈɑ2ŋ wˈuə5n (en)ˌeɪtʃtˌiːtˈiːpˌiːˈɛs(cmn):(en)slˈaʃslaʃ ɛɡzˈampəl(cmn).(en)kˈɒm slˈaʃ pˈaθ(cmn)?(en)kjˈuː ˈiːkwəlz(cmn) jˈi5 (en)and ˈɛks ˈiːkwəlz(cmn) ˈər5 χˈuo5 fˈɑ5 jˈiouɜ tɕˈiɛ5n kˈei2 (en)ˈeɪ at bˈiː(cmn).(en)kˈəʊ(cmn) 
0331	cmn	url-code	变量 x_1 等于 foo(bar, 2)；if (a && b) return;	pˈiɛ5n lˈiɑ5ŋ (en)ˈɛks(cmn) jˈi5 tˈə2ŋ jˈyɜ (en)fˈuː(cmn)((en)bˈɑː(cmn), ˈər5)(en)ɪf(cmn) ((en)ˈeɪ ˈandand bˈiː(cmn)) (en)ɹɪtˈɜːn(cmn); 
0332	cmn	url-code	运行 npm run build --watch，或打开 C:\Users\doc\README.md。	jˈyə5n ɕˈiɜŋ (en)ˌɛnpˌiːˈɛm ɹˈʌn bˈɪld(cmn) (en)wˈɒtʃ(cmn) χˈuo5 tˈɑ2 khˈai5 (en)sˈiː(cmn):(en)bˈakslaʃ jˈuːzəz bˈakslaʃ dˈɒk bˈakslaʃ ɹˈiːdmiː(cmn).(en)ˌɛmdˈiː(cmn) 
0333	cmn	long-paragraph	菜市场在天亮之前就开始了。卡车还在人行道上轰隆作响，摊主已经把橙子堆成小山。第一批顾客挑得很仔细，捏一捏，问一问，然后才决定。到了八点，不赶时间的人来了，市场慢了半拍。中午的日头把犹豫的人晒走了，摊子一直歇到下午。这是任何旅游指南都不写的一场仪式，也正因为如此，它才长久。	tshˈai5 s.i.5ts.hˈɑ2ŋ tsˈai5 thˈiɛ5n lˈiɑ5ŋ ts.ˈi.5 tɕhˈiɛɜn tɕˈiou5 khai5s.ˈi.2 lˈə1 khˈɑ2 ts.hˈo-5 χˈaiɜ tsˈai5 ʐˈəɜn ɕˈiɜŋ tˈɑu5 s.ˈɑ5ŋ χonɡ5lˈonɡ5 tsuo5ɕˈiɑ2ŋ thˈa5n ts.ˈu2 ji2tɕˈi1ŋ pˈɑ2 ts.hˈəɜŋ tsˈi̪1 tˈuei5 ts.hˈəɜŋ ɕjˈɑu2 s.ˈa5n tˌi5ji5phˈi5 kˈu5 khˈo-5 thjˈɑu5 tə1χˈə2n tsˈi̪2 ɕˈi5 nˈiɛ5 jˈi5 nˈiɛ5 wˈuə5n jˈi5 wˈuə5n ʐˈaɜn χˈou5 tshˈaiɜ tɕˈyɛɜ tˈi5ŋ tˈɑu5 lˈə1 pˈɑ5 tˈiɛ2n pˈu5 kˈa2n s.ˈi.ɜ tɕˈiɛ5n tˈə1 ʐˈəɜn lˈaiɜ lˈə1 s.i.5ts.hˈɑ2ŋ mˈa5n lˈə1 pˈa5n phˈai5 ts.onɡ5wˈu2 tˈə1 ʐˈi.5 thˈouɜ pˈɑ2 jˈiouɜ jˈy5 tˈə1 ʐˈəɜn s.ˈai5 tsˈou2 lˈə1 thˈa5n tsˈi̪1 ji5ts.ˈi.ɜ ɕˈiɛ5 tˈɑu5 ɕiɑ5wˈu2 ts.ˈo-5 s.ˈi.5 ʐˈə5n χˈo-ɜ lˈy2 jˈiouɜ ts.ˈi.2 nˈaɜn tˈou5 pˈu5 ɕˈiɛ2 tˈə1 ji5ts.hˈɑɜŋ jˈiɜ s.ˈi.5 jˈiɛ2 ts.ˈə5ŋ jˈi5n wˈei5 ʐuɜtshˈi̪2 thˈɑ5 tshˈaiɜ ts.hɑɜŋtɕˈiou2 
0334	cmn	long-paragraph	小区的旧书店换了三次主人，招牌却还是原来那一块。书架上的书从来没按字母排过，老板说按记忆排找得更快。买书的老人坐在窗边，一坐就是一下午。有人来找五十年前的地图，有人只来借一支铅笔。老板娘从不催促，也不多问。关灯的时候，整条街安静下来，像一本厚书被合上了。	ɕjˈɑu2 tɕhˈy5 tˈə1 tɕˈiou5 s.ˈu5 tˈiɛ5n χˈua5n lˈə1 sˈa5n tshˈi̪5 ts.ˈu2 ʐˈəɜn ts.ɑu5phˈai1 tɕhˈyɛ5 χaiɜs.ˈi.1 jˈyæɜn lˈaiɜ nˈɑ5 jiɜkhˈuai5 s.ˈu5 tɕˈiɑ5 s.ˈɑ5ŋ tˈə1 s.ˈu5 tshˈonɡɜ lˈaiɜ mˈeiɜ ˈa5n tsi̪5mˈu2 phˈaiɜ kˈuo5 lɑu2pˈa2n s.wˈo5 ˈa5n tɕˈi5 jˈi5 phˈaiɜ ts.ˈɑu2 tˈə1 kˈə5ŋ khˈuai5 mˈai2 s.ˈu5 tˈə1 lˈɑu2 ʐˈəɜn tsˈuo5 tsˈai5 ts.hwˈɑ5ŋ pˈiɛ5n jˈi5 tsˈuo5 tɕˈiou5 s.ˈi.5 jiɜɕˈiɑ5 wˈu2 jˈiou2 ʐˈəɜn lˈaiɜ ts.ˈɑu2 wˈu2 s.ˈi.ɜ nˈiɛɜn tɕhˈiɛɜn tə1tˈi5 thˈuɜ jˈiou2 ʐˈəɜn ts.ˈi.2 lˈaiɜ tɕˈiɛ5 ji5ts.ˈi.5 tɕhiɛ5npˈi2 lɑu2pˈa2n nˈiɑ1ŋ tshˈonɡɜ pˈu5 tshˈuei5 tshˈu5 jˈiɛ2 pˈu5 tˈuo5 wˈuə5n kwˈa5n tˈə5ŋ tˈə1 s.i.ɜχˈou1 ts.ˈə2ŋ thjˈɑuɜ tɕˈiɛ5 ˈa5n tɕˌi5ŋɕiɑ5lˈaiɜ ɕˈiɑ5ŋ ji5pˈə2n χˈou5 s.ˈu5 pˈei5 χo-ɜs.ˈɑ1ŋ lˈə1 
0335	cmn	speed-transition	等等——不对。那个......那个不对。停。看。走！	tə2ŋtˈə2ŋ——puɜtˈuei5 nɑ5kˈo-1......nɑ5kˈo-1 puɜtˈuei5 thˈiɜŋ khˈa5n tsˈou2 
0336	cmn	speed-transition	一。二......三？不——四。四，四，四。	jˈi5......ˈər5 sˈa5n——puɜsˈi̪5 sˈi̪5 sˈi̪5 sˈi̪5 
0337	hi	name	डॉ. शर्मा और श्री गुप्ता दिल्ली में मिले।	ɖˈɔ. ʃˈʌrmaː ɔːɾ ʃɾˈi ɡˈʊptaː dˈɪlli mẽː mˈɪleː 
0338	hi	name	राम, सीता और लक्ष्मण अयोध्या गए।	ɾˈaːm, sˈiːtaː ɔːɾ lˈʌkʃməɳ ʌjˈoːdʰjaː ɡˈʌeː 
0339	hi	name	एल्विस प्रेस्ली, एलिज़ाबेथ द्वितीय और संत पॉल पुस्तक में हैं।	ˈeːlʋɪs pɾˈeːsli, ˌeːlɪzaːbˈeːtʰ dʋɪtˈiːj ɔːɾ sˈʌnt pˈɔl pˈʊstək mẽː hɛ̃ 
0340	hi	honorific	श्रीमती दल्लो, डॉ. वर्मा और प्रोफेसर मेहरा दोपहर में पहुँचे।	ʃɾˈiːmtˌi dˈʌlloː, ɖˈɔ. ʋˈʌrmaː ɔːɾ pɾoːpʰˈeːsəɾ mˈeːhəɾˌaː dˈoːpəhˌəɾ mẽː pəhˈũnceː 
0341	hi	honorific	श्रीमान गुप्ता जी ने श्रीमती राव से डॉ. अय्यर के बारे में पूछा।	ʃɾimˈaːn ɡˈʊptaː ɟˈi nˈeː ʃɾˈiːmtˌi ɾˈaːʋ seː ɖˈɔ. ˈʌjjəɾ keː bˈaːɾeː mẽː pˈuːcʰaː 
0342	hi	abbreviation	उन्होंने जैसे पहला अध्याय, अर्थात् पृष्ठ 5, पढ़ा और आदि नोट किया।	ʊnhˈõneː ɟˈɛːseː pˈʌhəlˌaː ʌdʰjˈaːj, ʌɾtʰˈaːt pɾˈɪʂʈʰ pˈãc, pˈʌr.haː ɔːɾ ˈaːdɪ nˈoːʈ kˈɪjaː 
0343	hi	abbreviation	भारत, यू.के. और यू.एस. के प्रतिनिधि सुबह 8 बजे मिले।	bʰˈaːɾət, jˈuː.keː. ɔːɾ jˈuː.ˈeːs. keː pɾˈʌtɪnˌɪdʰɪ sˈʊbəh ˈaːʈʰ bˈʌɟeː mˈɪleː 
0344	hi	number	वहाँ 1,204,567 लोग थे; पाई 3.14159 है; और 0.5% आधा है।	ʋˈʌhã bˈaːɾəh lˈaːkʰ cˈaːɾ hˈʌɟaːɾ pˈãcsˈɔː sˈʌr.səʈʰ lˈoːɡ tʰeː; pˈaːi tˈiːn dəsəmlˈoː ˈeːk cˈaːɾ ˈeːk pˈãc nˈɔː hɛː; ɔːɾ ʃˈuːnjə dəsəmlˈoː pˈãc pətˈɪʃət ˈaːdʰaː hɛː 
0345	hi	number	तापमान घटकर −5 डिग्री हुआ, फिर 9:45 बजे 2.5 डिग्री बढ़ा।	tˌaːpmˈaːn ɡʰˈʌʈəkˌəɾ (en)mˈaɪnəs(hi) pˈãc ɖˈɪɡɾi hˈʊaː, pʰˈɪɾ nˈɔː:paɪntˈaːlis bˈʌɟeː dˈoː dəsəmlˈoː pˈãc ɖˈɪɡɾi bˈʌr.haː 
0346	hi	number	ऑक्स 3 के बदले 1 था, उत्तर 42 था, और 0.5% आधा है।	ˈɔks tˈiːn keː bˈʌdlˌeː ˈeːk tʰaː, ˈʊtːəɾ baɪˈaːlis tʰaː, ɔːɾ ʃˈuːnjə dəsəmlˈoː pˈãc pətˈɪʃət ˈaːdʰaː hɛː 
0347	hi	date	3/4/2024 को, यानी 4 मार्च 2024 को, वे मिले; 21 मई था।	tˈiːn (en)slˈaʃ(hi) cˈaːɾ (en)slˈaʃ(hi) dˈoː hˈʌɟaːɾ cˈɔːbis koː, jˈaːni cˈaːɾ mˈaːɾc dˈoː hˈʌɟaːɾ cˈɔːbis koː, ʋeː mˈɪleː; ɪkːˈis mˈʌi tʰaː 
0348	hi	date	25 दिसंबर 1999 को दूसरा संस्करण निकला।	pˈʌcːis dɪsˈʌmbəɾ ˈeːk hˈʌɟaːɾ nˈɔːsˈɔː nɪɲjˈaːnəbˌeː koː dˈuːsɾˌaː sˈʌnskəɾˌəɳ nˈɪklˌaː 
0349	hi	date	सन् 1999 में, 25/12 को, सब बंद था; 2024 में, कुछ नहीं।	sˈʌn ˈeːk hˈʌɟaːɾ nˈɔːsˈɔː nɪɲjˈaːnəbˌeː mˈẽː, pˈʌcːis (en)slˈaʃ(hi) bˈaːɾəh koː, sˈʌb bˈʌnd tʰaː; dˈoː hˈʌɟaːɾ cˈɔːbis mˈẽː, kˈʊcʰ nˈʌhĩ 
0350	hi	currency	इसकी कीमत ₹1,234.56, या €99.95, या £50 थी।	ˈɪskˌi kˈiːmət ˈeːk hˈʌɟaːɾ dˈoːsˈɔː cˈɔ̃tis, jˈaː nɪɲjˈaːnəbˌeː dəsəmlˈoː nˈɔː pˈãc, jˈaː pəcˈaːs tʰi 
0351	hi	currency	₹45 पर 15% बख्शीश, और 20 पैसे बचे।	paɪntˈaːlis pˈʌɾ pˈʌndɾəh pətˈɪʃət bəkʰʃˈiːʃ, ɔːɾ bˈiːs pˈɛːseː bˈʌceː 
0352	hi	number	कीमत एक साल में ₹1,234.56 से ₹1,400 हो गई।	kˈiːmət ˈeːk sˈaːl mẽː ˈeːk hˈʌɟaːɾ dˈoːsˈɔː cˈɔ̃tis seː ˈeːk hˈʌɟaːɾ cˈaːrsˈɔː hoː ɡˈʌi 
0353	hi	measurement	कमरा 12 फीट × 8 मीटर था; वज़न 2.5 किलो, क्षमता 3 लीटर।	kˈʌmɾˌaː bˈaːɾəh pʰˈiːʈ ˈaːʈʰ mˈiːʈəɾ tʰaː; ʋˈʌzən dˈoː dəsəmlˈoː pˈãc kˈɪloː, kʃˈʌmtˌaː tˈiːn lˈiːʈəɾ 
0354	hi	measurement	उत्तर में 5 किमी, 90 किमी/घंटा की रफ़्तार, छाया में 36 डिग्री।	ˈʊtːəɾ mẽː pˈãc kˈɪmi, nˈʌbːeː kˈɪmi (en)slˈaʃ(hi) ɡʰˈʌɳʈaː ki ɾəftˈaːɾ, cʰˈaːjaː mẽː cʰˈʌtːis ɖˈɪɡɾi 
0355	hi	measurement	वज़न 90 किलो, रफ़्तार 15 किमी/घंटा, तापमान 20 डिग्री।	ʋˈʌzən nˈʌbːeː kˈɪloː, ɾəftˈaːɾ pˈʌndɾəh kˈɪmi (en)slˈaʃ(hi) ɡʰˈʌɳʈaː, tˌaːpmˈaːn bˈiːs ɖˈɪɡɾi 
0356	hi	roman-numeral	अध्याय IV पंक्ति xlii से शुरू होता है; राजा हेनरी VIII ने शासन किया।	ʌdʰjˈaːj (en)ˈaɪ vˈiː(hi) pˈʌŋktɪ (en)ɹˌəʊmən fˈɔːti tˈuː(hi) seː ʃˈʊɾuː hˈoːtaː hɛː; ɾˈaːɟaː hˈeːnɾˌi (en)ɹˌəʊmən ˈeɪt(hi) nˈeː ʃˈaːsən kˈɪjaː 
0357	hi	roman-numeral	खंड 2.b, उपखंड iii, अनुच्छेद XIX देखें।	kʰˈʌɳɖ dˈoː.(en)bˈiː(hi), ˌʊpəkʰˈʌɳɖ (en)ɹˌəʊmən θɹˈiː(hi), ˌʌnʊcʰcʰˈeːd (en)ˈɛks ˈaɪ ˈɛks(hi) dˈeːkʰẽː 
0358	hi	roman-numeral	लुई चौदहवें मिले एलिज़ाबेथ द्वितीय से; पोप पायस बारहवें ने देखा।	lˈʊi cˈɔːdəhˌəʋẽː mˈɪleː ˌeːlɪzaːbˈeːtʰ dʋɪtˈiːj seː; pˈoːp pˈaːjəs bˈaːɾəhˌəʋẽː nˈeː dˈeːkʰaː 
0359	hi	dialogue	उन्होंने कहा, "मैं नहीं कर सकता — नहीं, नहीं करूँगा।" उसने जवाब दिया, "आओगे?"	ʊnhˈõneː kˈʌhaː, "mɛ̃ nˈʌhĩ kˈʌɾ sˈʌktˌaː — nˈʌhĩ, nˈʌhĩ kəɾˈũnɡaː" ˈʊsnˌeː ɟəʋˈaːb dˈɪjaː, "aːˈoːɡeː?" 
0360	hi	dialogue	"सावधान," उसने कहा। "सावधान... हर बार, हर बार।"	"sˌaːʋdʰˈaːn," ˈʊsnˌeː kˈʌhaː "sˌaːʋdʰˈaːn... hˈʌɾ bˈaːɾ, hˈʌɾ bˈaːɾ" 
0361	hi	dialogue	— आए? — आया। और टिकट भी लाया, बिलकुल।	— ˈaːeː? — ˈaːjaː ɔːɾ ʈˈɪkəʈ bʰˈi lˈaːjaː, bˈɪlkˌʊl 
0362	hi	heading	अध्याय एक: एक अनचाही दावत	ʌdʰjˈaːj ˈeːk: ˈeːk ˌʌncˈaːhi dˈaːʋət 
0363	hi	heading	दूसरा भाग — राह चलती जाती है	dˈuːsɾˌaː bʰˈaːɡ — ɾˈaːh cˈʌltˌi ɟˈaːti hɛː 
0364	hi	heading	परिशिष्ट A: उच्चारण गाइड	pˌəɾɪʃˈɪʂʈ (en)ˈeɪ(hi): ʊcːˈaːɾəɳ ɡˈaːɪɖ 
0365	hi	footnote	विवरण के लिए टिप्पणी 1 देखें।¹	ʋˈɪʋəɾˌəɳ keː lˈɪeː ʈˈɪpːɳˌi ˈeːk dˈeːkʰẽː 
0366	hi	footnote	यह दावा विवादित है।² अन्य विद्वान असहमत हैं।³	ˈeːk jˌəh dˈaːʋaː ʋɪʋˈaːdɪt hɛː dˈoː ˈʌnjə ʋɪdʋˈaːn ˈʌsəhˌəmət hɛ̃ 
0367	hi	footnote	जैसा तालिका 2† दिखाती है, रुझान बना हुआ है।‡	tˈiːn ɟˈɛːsaː tˈaːlɪkˌaː dˈoː dɪkʰˈaːti hɛː, ɾʊɟʰˈaːn bˈʌnaː hˈʊaː hɛː 
0368	hi	page-furniture	पृष्ठ 42 / 320 — पिछले से जारी — अध्याय समाप्त।	pɾˈɪʂʈʰ baɪˈaːlis (en)slˈaʃ(hi) tˈiːnsˈɔː bˈiːs — pˈɪcʰlˌeː seː ɟˈaːɾi — ʌdʰjˈaːj səmˈaːpt 
0369	hi	page-furniture	पृष्ठ 137, पंक्तियाँ 8-19, शीर्ष: संगत	pɾˈɪʂʈʰ ˈeːksˈɔː sˈɛ̃tis, pˈʌŋktɪjˌã ˈaːʈʰ ʊnnˈɪs, ʃˈiːrʂ: sˈʌŋɡət 
0370	hi	page-furniture	पृष्ठ 89 — मूल में रिक्त — पृष्ठ 90 देखें।	pɾˈɪʂʈʰ nəwˈaːsi — mˈuːl mẽː ɾˈɪkt — pɾˈɪʂʈʰ nˈʌbːeː dˈeːkʰẽː 
0371	hi	url-code	https://example.com/path?q=1&x=2 देखें या a@b.co पर लिखें।	(en)ˌeɪtʃtˌiːtˈiːpˌiːˈɛs(hi):(en)slˈaʃslaʃ ɛɡzˈampəl(hi).(en)kˈɒm slˈaʃ pˈaθ(hi)?(en)kjˈuː(hi) bəɾˈaːbəɾ ˈeːk (en)and ˈɛks(hi) bəɾˈaːbəɾ dˈoː dˈeːkʰẽː jˈaː (en)ˈeɪ at bˈiː(hi).(en)kˈəʊ(hi) pˈʌɾ lˈɪkʰẽː 
0372	hi	url-code	चर x_1 = foo(bar, 2); if (a && b) return;	cˈʌɾ (en)ˈɛks(hi) ˈeːk bəɾˈaːbəɾ (en)fˈuː(hi)((en)bˈɑː(hi), dˈoː); (en)ɪf(hi) ((en)ˈeɪ ˈandand bˈiː(hi)) (en)ɹɪtˈɜːn(hi); 
0373	hi	url-code	npm run build --watch चलाएँ, या C:\Users\doc\README.md खोलें।	(en)ˌɛnpˌiːˈɛm ɹˈʌn bˈɪld(hi) (en)wˈɒtʃ(hi) cəlˈaːj, jˈaː (en)sˈiː(hi):(en)bˈakslaʃ jˈuːzəz bˈakslaʃ dˈɒk bˈakslaʃ ɹˈiːdmiː(hi).(en)ˌɛmdˈiː(hi) kʰˈoːlẽː 
0374	hi	long-paragraph	सुबह का बाज़ार सूरज उगने से पहले शुरू हो जाता है। ट्रक अभी गली में गरज रहे होते हैं और ठेलेवाले संतरों के ढेर लगा चुके होते हैं। पहली फ़ेरी के ग्राहक दबाकर देखते हैं, पूछते हैं, फिर तय करते हैं। आठ बजे वे लोग आते हैं जिनके पास समय है, और बाज़ार आधी रफ़्तार पर आ जाता है। दोपहर की धूप संकोची लोगों को भगा देती है और दुकानें शाम तक सो जाती हैं। यह वह रीति है जो किसी गाइड में नहीं लिखी, और इसीलिए टिकी हुई है।	sˈʊbəh kaː baːzˈaːɾ sˈuːɾəɟ ˈʊɡnˌeː seː pˈʌhəlˌeː ʃˈʊɾuː hoː ɟˈaːtaː hɛː ʈɾˈʌk ˈʌbʰi ɡˈʌli mẽː ɡˈʌɾəɟ ɾˌəheː hˈoːteː hɛ̃ ɔːɾ ʈʰˌeːleːʋˈaːleː sˈʌntəɾˌõ keː ɖʰˈeːɾ lˈʌɡaː cˈʊkeː hˈoːteː hɛ̃ pˈʌhəlˌi fˈeːɾi keː ɡɾˈaːhək dəbˈaːkəɾ dˈeːkʰtˌeː hɛ̃, pˈuːcʰtˌeː hɛ̃, pʰˈɪɾ tˈʌɛj kˈʌɾtˌeː hɛ̃ ˈaːʈʰ bˈʌɟeː ʋeː lˈoːɡ ˈaːteː hɛ̃ ɟˈɪnkˌeː pˈaːs sˈʌmˌɛj hɛː, ɔːɾ baːzˈaːɾ ˈaːdʰi ɾəftˈaːɾ pˈʌɾ ˈaː ɟˈaːtaː hɛː dˈoːpəhˌəɾ ki dʰˈuːp səŋkˈoːci lˈoːɡõ koː bʰˈʌɡaː dˈeːti hɛː ɔːɾ dʊkˈaːnẽː ʃˈaːm tˌək sˈoː ɟˈaːti hɛ̃ jˌəh ʋˌəh ɾˈiːtɪ hɛː ɟˈoː kˈɪsi ɡˈaːɪɖ mẽː nˈʌhĩ lˈɪkʰi, ɔːɾ ɪsˈiːlɪˌeː ʈˈɪki hˈʊi hɛː 
0375	hi	long-paragraph	मोहल्ले की पुरानी किताबों की दुकान तीन बार बदली, पर बोर्ड वही रहा। अलमारियों की किताबें कभी वर्णानुक्रम से नहीं लगी थीं; दुकानदार कहता था याद से जल्दी मिलती हैं। बुज़ुर्ग खरीदार खिड़की के पास बैठते थे और आधी दोपहर वैसे ही बीत जाती थी। कोई पचास साल पुराना नक़्शा माँगता था, कोई सिर्फ़ एक पेंसिल उधार। दुकानदार कभी जल्दी नहीं करता था। बत्ती बुझते ही गली वैसे शांत हो जाती थी जैसे कोई मोटी किताब बंद हो जाती है।	moːhˈʌlleː ki pʊɾˈaːni kɪtˈaːbõ ki dʊkˈaːn tˈiːn bˈaːɾ bˈʌdlˌi, pˈʌɾ bˈoːɾɖ ʋˈʌhi ɾˌəhaː ˌʌlmˈaːɾɪjˌõ ki kɪtˈaːbẽː kˈʌbʰi ʋˌərɳaːnˈʊkɾəm seː nˈʌhĩ lˈʌɡi tʰĩ; dˌʊkaːndˈaːɾ kˈʌhətˌaː tʰaː jˈaːd seː ɟˈʌldi mˈɪltˌi hɛ̃ bʊzˈʊɾɡ kʰˌəɾidˈaːɾ kʰˈɪr.kˌi keː pˈaːs bˈɛːʈʰtˌeː tʰeː ɔːɾ ˈaːdʰi dˈoːpəhˌəɾ ʋˈɛːseː hˈi bˈiːt ɟˈaːti tʰi kˈoːi pəcˈaːs sˈaːl pʊɾˈaːnaː nˈʌqʃaː mˈãnɡətˌaː tʰaː, kˈoːi sˈɪrf ˈeːk pˈẽːsɪl ʊdʰˈaːɾ dˌʊkaːndˈaːɾ kˈʌbʰi ɟˈʌldi nˈʌhĩ kˈʌɾtˌaː tʰaː bˈʌtːi bˈʊɟʰtˌeː hˈi ɡˈʌli ʋˈɛːseː ʃˈãt hoː ɟˈaːti tʰi ɟˈɛːseː kˈoːi mˈoːʈi kɪtˈaːb bˈʌnd hoː ɟˈaːti hɛː 
0376	hi	speed-transition	रुको — नहीं। वह... वह ठीक नहीं। रुको। देखो। चलो!	ɾˈʊkoː — nˈʌhĩ ʋˌəh... ʋˌəh ʈʰˈiːk nˈʌhĩ ɾˈʊkoː dˈeːkʰoː cˈʌloː! 
0377	hi	speed-transition	एक। दो... तीन? नहीं — चार। चार, चार, चार।	ˈeːk dˈoː... tˈiːn? nˈʌhĩ — cˈaːɾ cˈaːɾ, cˈaːɾ, cˈaːɾ 
