en-us	name	Dr. Anaïs Moreau and Mr. João da Silva met in São Paulo last spring.
en-us	name	Colonel Sanders, Queen Elizabeth II, and Saint Teresa all used titles.
en-us	name	O'Brien, García-Márquez, and Ngozi discussed the merger over coffee.
en-us	honorific	Ms. Dalloway, Dr. Watson, and Prof. Higgins arrived at noon.
en-us	honorific	Mrs. Danvers, Mr. Bean, and Sgt. Pepper asked for directions.
en-us	honorific	Rev. King, Capt. Ahab, and Gen. Lee signed the letter.
en-us	abbreviation	She read e.g. the first chapter, i.e. page 5, and noted the etc.
en-us	abbreviation	The U.S. and U.K. delegations met at approx. 8 a.m. ET.
en-us	abbreviation	Cf. appendix B: the fig. shows vol. 2, no. 3.
en-us	number	There were 1,204,567 people; 3.14159 is pi; and 0.5% is half.
en-us	number	Temperatures hit -40 degrees, then rose 15.5 degrees by 9:45.
en-us	number	The odds were 3 to 1, the answer 42, and 007 is Bond's number.
en-us	date	On 3/4/2024, or March 4th 2024, they met; it was the 21st of May.
en-us	date	By Dec. 25, 1999, the 2nd ed. was due; it shipped 06/07/2000.
en-us	date	The 1800s, the '90s, and 2024 C.E. all appear in the timeline.
en-us	currency	It cost $1,234.56, or €99.95, or £50.
en-us	currency	Prices rose from ¥10,000 to ¥12,500, and ₹750 became ₹900.
en-us	currency	He tipped 15% on a $45.00 bill and saved 20¢.
en-us	measurement	The room was 12 ft by 8 m; it weighed 2.5 kg and held 3 L.
en-us	measurement	Drive 5 mi north, then 300 m east; the parcel weighs 1 lb 4 oz.
en-us	measurement	It runs at 98.6°F, 3.5 mph, and draws 60 W.
en-us	roman-numeral	Chapter IV begins at line xlii; King Henry VIII ruled.
en-us	roman-numeral	Louis XIV met Elizabeth II; Pope Pius XII watched.
en-us	roman-numeral	Section 2.b, subsection iii, paragraph XIX was revoked.
en-us	dialogue	He said, "I can't — well, I won't." She replied, "Will you?"
en-us	dialogue	"Mind the gap," he said. "Mind it... every single time."
en-us	dialogue	— You came? — I did. And I brought the tickets, of course.
en-us	heading	CHAPTER ONE: An Unexpected Party
en-us	heading	PART TWO — The Road Goes Ever On
en-us	heading	Appendix A: Pronunciation Guide
en-us	footnote	See note 1 for details.¹
en-us	footnote	The claim is disputed.² Other scholars disagree.³
en-us	footnote	As shown in Table 2†, the trend holds.‡
en-us	page-furniture	Page 42 of 320 — continued from previous — end of chapter.
en-us	page-furniture	p. 137 of 512, lines 8-19, running head: The Fellowship
en-us	page-furniture	Page 89 — blank in the original — see p. 90.
en-us	url-code	Visit https://example.com/path?q=1&x=2 or email a@b.co.
en-us	url-code	The variable x_1 equals foo(bar, 2); if (a && b) return;
en-us	url-code	Run npm run build --watch, or open C:\Users\doc\README.md.
en-us	long-paragraph	The library had changed since his childhood, and not only in the way that all places change. Shelves that once held his grandfather's sermons now carried paperbacks with cracked spines, and the reading room smelled of damp plaster instead of pipe smoke. He walked the aisles slowly, pulling one book, then another, remembering which volumes his mother had read aloud on winter evenings. At the reference desk a woman answered a question about microfilm with a patience that made the hours feel deliberate. He found the town records at last, bound in green cloth, and sat down where the light was best. When he looked up, the windows had gone dark, and the janitor was waiting politely with his keys.
en-us	long-paragraph	The harbor wakes slowly in February, before the fish trucks and long before the tourists. Gulls argue over the pilings, and the first ferry grumbles in from the island with its lights still on. Old Andersson waves from the wheelhouse the way he has for thirty years, though nobody on the dock remembers when he started. The coffee stand opens at five, and the regulars claim they can smell the difference between Thursday's grind and Saturday's. By six the ice house is running, and the whole quay smells of diesel, salt, and newsprint. It is not a scene anyone photographs, which is precisely why it endures.
en-us	long-paragraph	Consider what a letter had to survive to reach its reader in the eighteen-forties. It waited for the mail coach, then for the steam packet, then for a carrier's cart over roads that dissolved into soup at the first rain. It might be read aloud twice at a crossroads inn before walking its last ten miles. The recipient paid by the sheet, so writers crossed their pages at right angles to double the words. Replies took weeks, and that slowness shaped the sentences themselves, which apologized in advance for their own delay. We call the result formal; it was really honest bookkeeping with distance.
en-us	speed-transition	Wait — no. That's... that's not right. Stop. Look. Go!
en-us	speed-transition	One. Two... three? No — four. Four, four, four.
en-us	speed-transition	He stopped. Turned. The road was gone. Gone.
en-gb	name	Dr. Priya Nair and Mr. Alistair MacLeod met in Edinburgh last spring.
en-gb	name	Smythe, O'Connell, and Featherstonehaugh discussed the matter over tea.
en-gb	name	Che Guevara, Florence Nightingale, and Saint Paul all appear in the index.
en-gb	honorific	Miss Havisham, Ms. Jones, and Dame Agatha arrived at noon.
en-gb	honorific	Mrs. Danvers, Mr. Darcy, and Rev. Collins argued about the estate.
en-gb	honorific	Sir Toby, Lady Bracknell, and Dr. Johnson signed the petition.
en-gb	abbreviation	She read e.g. the first chapter, i.e. page 5, and noted the etc.
en-gb	abbreviation	The BBC and ITV broadcast at approx. 9 p.m. GMT.
en-gb	abbreviation	Cf. appendix B: the fig. shows vol. II, no. 3.
en-gb	number	There were 1,204,567 people; 3.14159 is pi; and 0.5% is half.
en-gb	number	The match ended 2-1 before 76,212 fans; a 4th straight win.
en-gb	number	He scored 99.5 per cent and lost 8 of 9 frames in the snooker.
en-gb	date	On 3/4/2024, or 4 March 2024, they met; it was the 21st of May.
en-gb	date	The festival ran 5th-9th June; the bank holiday fell on 26 August 2024.
en-gb	date	On 11 November 1918 the armistice was signed; the 1910s had ended long before.
en-gb	currency	It cost £1,234.56, or €99.95, or $50.
en-gb	currency	The flask cost 45p, the ticket £12.50, and the book £8.99.
en-gb	currency	VAT added 20%: the bill went from £85 to £102.
en-gb	measurement	The room was 12 ft by 8 m; it weighed 2.5 kg and held 3 L.
en-gb	measurement	Drive 5 miles north, then 300 m east; the parcel weighs 14 st 2 lb.
en-gb	measurement	It runs at 37°C, 60 mph, and draws 60 W.
en-gb	roman-numeral	Chapter IV begins at line xlii; King Henry VIII ruled.
en-gb	roman-numeral	Edward VII and George VI followed Victoria; Elizabeth II outlasted them all.
en-gb	roman-numeral	Section 2.b, subsection iii, paragraph XIX was revoked.
en-gb	dialogue	He said, "I can't — well, I shan't." She replied, "Will you?"
en-gb	dialogue	"Mind the gap," he said. "Mind it... every single time."
en-gb	dialogue	— You came, then? — I did. And I brought the tickets, naturally.
en-gb	heading	CHAPTER ONE: An Unexpected Party
en-gb	heading	BOOK TWO — The Ring Goes South
en-gb	heading	Appendix A: A Note on Currency
en-gb	footnote	See note 1 for details.¹
en-gb	footnote	The claim is disputed.² Other scholars disagree.³
en-gb	footnote	As shown in Table 2†, the trend holds.‡
en-gb	page-furniture	Page 42 of 320 — continued from previous — end of chapter.
en-gb	page-furniture	p. 137 of 512, lines 8-19, running head: The Fellowship
en-gb	page-furniture	Page 89 — blank in the original — see p. 90.
en-gb	url-code	Visit https://example.co.uk/path?q=1&x=2 or email a@b.co.
en-gb	url-code	The variable colour_count equals foo(bar, 2); if (a && b) return;
en-gb	url-code	Run make all && make install, or see /usr/local/share/doc/README.
en-gb	long-paragraph	The fog came off the moor shortly after three, and by four the village had disappeared entirely. Mrs. Hutton insisted she could hear the church bell, though nobody else could, and she repeated this to anyone who would stand still long enough. The bus from Sheffield did not run, for the driver had telephoned to say the road past the reservoir was impassable. In the wool shop two women argued quietly about whether the vicar had done right to cancel the evening service. By six the lamps were lit, though their light scarcely reached beyond the posts they stood on. It was, the postmaster wrote in his diary, the thickest he had seen in forty-one years.
en-gb	long-paragraph	Nothing in the house worked as the guidebook promised, and this became the holiday's chief pleasure. The boiler knocked at half past four every morning like a steward rousing a camp. The piano in the hall played one flat note, always F sharp, in whatever key was attempted. Guests learned to bring torches, then to stop minding, then to prefer the dark staircase to the lit one. By the third evening the young barman knew every name, and the manageress had given up apologising for the wifi. One could not have bought that week with a fortnight at a hotel that functioned.
en-gb	long-paragraph	Cricket explains England better than most of its novels, though this is not the compliment it sounds. The game teaches a person to stand in a field for six hours awaiting a moment that lasts two seconds, and to find the arrangement entirely reasonable. Rain stops play, and the crowd accepts this with the patience of people who have waited for worse buses. Tea is taken as seriously as the score. A draw is remembered fondly for decades, like a war recounted from the comfortable side. Visitors find the whole business opaque, and the English rather like that too.
en-gb	speed-transition	Wait — no. That's... that's not right. Stop. Look. Go!
en-gb	speed-transition	One. Two... three? No — four. Four, four, four.
en-gb	speed-transition	He stopped. Turned. The lane was gone. Gone.
es	name	La Dra. Ibáñez y el Sr. Quiroga se conocieron en Sevilla un martes.
es	name	Ángel Muñoz, Peña Nieto y la viuda de Arratia firmaron el acuerdo.
es	name	El coronel Sanders, la reina Isabel II y Santa Teresa usaban títulos.
es	honorific	Sra. Delgado, Dr. Vidal y Srta. Rivas llegaron al mediodía.
es	honorific	El Sr. Ortega preguntó a la Prof. Salas por el Dr. García.
es	abbreviation	Leyó p. ej. el primer capítulo, es decir, la pág. 5, y anotó el etc.
es	abbreviation	Los EE. UU. y el Reino Unido se reunieron aprox. a las 8 a. m.
es	number	Había 1.204.567 personas; 3,14159 es pi; y 0,5 % es la mitad.
es	number	La temperatura bajó a −5 grados y subió 2,5 grados hacia las 9:45.
es	number	La probabilidad era de 3 a 1, la respuesta 42, y 0,5 % es medio punto.
es	date	El 3/4/2024, o el 4 de marzo de 2024, se vieron; era el 21 de mayo.
es	date	El 25 de diciembre de 1999 salió la 2.ª edición.
es	date	En 1999, el 25/12, llegó la segunda edición; el 21/5 la tercera.
es	currency	Costaba 1.234,56 $, o 99,95 €, o 50 £.
es	currency	Dejó una propina del 15 % sobre 45 € y ahorró 20 céntimos.
es	currency	El precio subió de 1.234,56 $ a 1.300 € en un mes.
es	measurement	La sala medía 12 pies por 8 m; pesaba 2,5 kg y cabían 3 l.
es	measurement	Condujo 5 km al norte a 90 km/h con 36 °C a la sombra.
es	measurement	Pesaba 14 st 2 lb y corría a 6 mph.
es	roman-numeral	El capítulo IV empieza en la línea xlii; el rey Felipe VI gobierna.
es	roman-numeral	Véase el apartado 2.b, subapartado iii, párrafo XIX.
es	roman-numeral	Luis XIV conoció a Isabel II; el papa Pío XII lo observó.
es	dialogue	Dijo: «No puedo — bueno, no quiero». Ella respondió: «¿Lo harás?»
es	dialogue	«Cuidado», dijo él. «Cuidado... siempre, siempre.»
es	dialogue	— ¿Viniste? —Vine. Y traje las entradas, claro.
es	heading	CAPÍTULO UNO: Una fiesta inesperada
es	heading	PARTE SEGUNDA — El camino continúa
es	heading	Apéndice A: Guía de pronunciación
es	footnote	Véase la nota 1 para más detalles.¹
es	footnote	La afirmación está discutida.² Otros estudiosos discrepan.³
es	footnote	Como muestra la tabla 2†, la tendencia se mantiene.‡
es	page-furniture	Página 42 de 320 — continuación de la anterior — fin del capítulo.
es	page-furniture	Pág. 137 de 512, líneas 8-19, cabecera: La Comunidad
es	page-furniture	Página 89 — en blanco en el original — véase la pág. 90.
es	url-code	Visite https://example.com/ruta?q=1&x=2 o escriba a a@b.co.
es	url-code	La variable x_1 equivale a foo(bar, 2); if (a && b) return;
es	url-code	Ejecute npm run build --watch, o abra C:\Users\doc\README.md.
es	long-paragraph	La casa de la calle Ronda llevaba años cerrada cuando los empleados del ayuntamiento la abrieron por error. Dentro, el polvo cubría todo con una pátina gris, y los muebles conservaban todavía la forma de sus dueños. En la mesa había dos tazas y un periódico del doce de octubre de mil novecientos sesenta y dos. Nadie supo explicar qué había sido del último inquilino, aunque las vecinas tenían teorías de todas clases. El tiempo en aquella casa no había pasado: se había quedado sentado a esperar, igual que los muebles. Cuando cerraron la puerta, la calle recuperó su silencio de siempre y las teorías crecieron un poco más.
es	long-paragraph	El mercado Central abre a las cinco, cuando los camiones aún rugen en la acera. Los pescadores descargan las cajas y los compradores del primer turno eligen con ojo clínico. El vendedor de naranjas grita los precios como si fueran noticia de última hora. Hacia las ocho llega la gente con tiempo, y el mercado baja medio punto de velocidad. Al mediodía el calor espanta a los dubitativos y los puestos se rinden hasta la tarde. Es un rito que no figura en ninguna guía, y por eso mismo dura.
es	speed-transition	Espera — no. Eso... eso no está bien. Para. Mira. ¡Vamos!
es	speed-transition	Uno. Dos... ¿tres? No — cuatro. Cuatro, cuatro, cuatro.
fr-fr	name	Le Dr Moreau et M. da Silva se sont rencontrés à Paris un mardi.
fr-fr	name	D'Artagnan, Mme de Sévigné et Saint Bernard auraient aimé ce café.
fr-fr	name	Le colonel Dupont, la reine Élisabeth II et saint Antoine sont cités.
fr-fr	honorific	Mme Dalloway, Dr Watson et M. Higgins arrivèrent à midi.
fr-fr	honorific	Mlle Rose, M. le maire et le Prof. Lefèvre signèrent le registre.
fr-fr	abbreviation	Elle lut p. ex. le premier chapitre, c.-à-d. la p. 5, et nota le etc.
fr-fr	abbreviation	Les É.-U. et le R.-U. se sont réunis vers 8 h du matin.
fr-fr	number	Il y avait 1 204 567 personnes ; 3,14159 est pi ; et 0,5 % est la moitié.
fr-fr	number	La température est tombée à −5 degrés, puis montée de 2,5 degrés vers 9 h 45.
fr-fr	number	La cote était de 3 contre 1, la réponse 42, et 0,5 % est une moitié.
fr-fr	date	Le 3/4/2024, ou le 4 mars 2024, ils se sont vus ; c'était le 21 mai.
fr-fr	date	Le 25 décembre 1999, la 2e édition est parue ; le 21/5, la troisième.
fr-fr	date	Dans les années 1990, le 25/12, tout fermait ; en 2024, plus rien.
fr-fr	currency	Cela coûtait 1 234,56 $, ou 99,95 €, ou 50 £.
fr-fr	currency	Pourboire de 15 % sur 45 €, et 20 centimes économisés.
fr-fr	currency	Le prix est passé de 1 234,56 € à 1 400 € en un an.
fr-fr	measurement	La salle faisait 12 pieds sur 8 m ; elle pesait 2,5 kg et tenait 3 l.
fr-fr	measurement	Roulez 5 km au nord à 90 km/h par 36 °C à l'ombre.
fr-fr	measurement	Il pesait 90 kg et courait à 15 km/h par 20 °C.
fr-fr	roman-numeral	Le chapitre IV commence à la ligne xlii ; Louis XIV a régné.
fr-fr	roman-numeral	Voir la section 2.b, sous-section iii, paragraphe XIX.
fr-fr	roman-numeral	Louis XVI a rencontré Élisabeth II ; le pape Pie XII a observé.
fr-fr	dialogue	Il dit : « Je ne peux pas — enfin, je ne veux pas. » Elle répondit : « Voulez-vous ? »
fr-fr	dialogue	« Attention », dit-il. « Attention... toujours, toujours. »
fr-fr	dialogue	— Vous êtes venu ? — Je suis venu. Et j'ai pris les billets, évidemment.
fr-fr	heading	CHAPITRE PREMIER : Une fête inattendue
fr-fr	heading	DEUXIÈME PARTIE — La route continue
fr-fr	heading	Annexe A : Guide de prononciation
fr-fr	footnote	Voir la note 1 pour les détails.¹
fr-fr	footnote	L'affirmation est contestée.² D'autres chercheurs diffèrent.³
fr-fr	footnote	Comme le montre le tableau 2†, la tendance se confirme.‡
fr-fr	page-furniture	Page 42 sur 320 — suite de la précédente — fin du chapitre.
fr-fr	page-furniture	P. 137 sur 512, lignes 8-19, titre courant : La Communauté
fr-fr	page-furniture	Page 89 — blanche dans l'original — voir p. 90.
fr-fr	url-code	Visitez https://example.com/chemin?q=1&x=2 ou écrivez à a@b.co.
fr-fr	url-code	La variable x_1 vaut foo(bar, 2) ; if (a && b) return;
fr-fr	url-code	Lancez npm run build --watch, ou ouvrez C:\Users\doc\README.md.
fr-fr	long-paragraph	Le marché de la rue Mouffetard s'éveille avant le jour, quand les camions grondent encore sur le pavé. Les primeurs dressent leurs pyramides d'oranges avec un soin qui défie la gravité. La fromagère, elle, ouvre à sept heures précises, et le voisinage règle sa montre sur cet événement. Vers neuf heures arrivent les gens qui ont le temps, ceux qui goûtent, discutent, hésitent. À midi la chaleur vide les étals et le quartier rend sa clef au silence. Rien de tout cela ne figure dans les guides, et c'est sans doute pour cela que cela dure.
fr-fr	long-paragraph	La bibliothèque du quartier avait changé depuis son enfance, et pas seulement comme tout change. Les rayonnages d'autrefois portaient les sermons du grand-père ; aujourd'hui ce sont des poches au dos cassé. Elle marchait lentement entre les tables, se souvenant des volumes que sa mère lisait à voix haute les soirs d'hiver. Au bureau de prêt, une femme répondait patiemment à une question sur les microfilms. Elle trouva enfin les registres de la commune, reliés de toile verte, et s'assit là où la lumière était la meilleure. Quand elle releva la tête, les fenêtres étaient noires et le gardien l'attendait, clés en main.
fr-fr	speed-transition	Attends — non. C'est... ce n'est pas ça. Arrête. Regarde. Vas-y !
fr-fr	speed-transition	Un. Deux... trois ? Non — quatre. Quatre, quatre, quatre.
it	name	La Dott.ssa Bianchi e il Sig. Rossi si incontrarono a Bologna un martedì.
it	name	Colonnello Verdi, la regina Elisabetta II e San Francesco compaiono nel testo.
it	name	D'Annunzio, García Márquez e Ngozi discussero il contratto al bar.
it	honorific	Sig.ra Dalloway, Dott. Watson e Prof. Higgins arrivarono a mezzogiorno.
it	honorific	Il Sig. Verdi chiese alla Dott.ssa Bianchi notizie dell'Avv. Rossi.
it	abbreviation	Lesse p. es. il primo capitolo, cioè a pag. 5, e annotò l'ecc.
it	abbreviation	Gli USA e il Regno Unito si sono visti verso le 8 del mattino.
it	number	C'erano 1.204.567 persone; 3,14159 è pi; e lo 0,5% è metà.
it	number	La temperatura scese a −5 gradi e salì di 2,5 gradi verso le 9:45.
it	number	La quota era di 3 a 1, la risposta 42, e 0,5% è mezza misura.
it	date	Il 3/4/2024, ovvero il 4 marzo 2024, si incontrarono; era il 21 maggio.
it	date	Il 25 dicembre 1999 uscì la 2a edizione; il 21/5 la terza.
it	date	Negli anni '90, il 25/12, tutto chiudeva; nel 2024, più nulla.
it	currency	Costava 1.234,56 $, oppure 99,95 €, oppure 50 £.
it	currency	Mancia del 15% su 45 €, e 20 centesmi risparmiati.
it	currency	Il prezzo è salito da 1.234,56 € a 1.300 € in un anno.
it	measurement	La stanza era 12 piedi per 8 m; pesava 2,5 kg e conteneva 3 l.
it	measurement	Guida 5 km a nord a 90 km/h con 36 °C all'ombra.
it	measurement	Pesava 90 kg e correva a 15 km/h a 20 °C.
it	roman-numeral	Il capitolo IV inizia alla riga xlii; papa Pio XII regnava.
it	roman-numeral	Vedi la sezione 2.b, sottosezione iii, paragrafo XIX.
it	roman-numeral	Luigi XIV incontrò Elisabetta II; papa Pio XII osservava.
it	dialogue	Disse: «Non posso — be', non voglio». Lei rispose: «Lo farai?»
it	dialogue	«Attento», disse lui. «Attento... sempre, sempre.»
it	dialogue	— Sei venuto? — Sono venuto. E ho portato i biglietti, ovviamente.
it	heading	CAPITOLO UNO: Una festa inaspettata
it	heading	PARTE SECONDA — La strada continua
it	heading	Appendice A: Guida alla pronuncia
it	footnote	Vedi la nota 1 per i dettagli.¹
it	footnote	L'affermazione è contestata.² Altri studiosi dissentono.³
it	footnote	Come mostra la tabella 2†, la tendenza si conferma.‡
it	page-furniture	Pagina 42 di 320 — prosegue dalla precedente — fine del capitolo.
it	page-furniture	Pag. 137 di 512, righe 8-19, testata: La Compagnia
it	page-furniture	Pagina 89 — bianca nell'originale — vedi pag. 90.
it	url-code	Visita https://example.com/percorso?q=1&x=2 o scrivi a a@b.co.
it	url-code	La variabile x_1 vale foo(bar, 2); if (a && b) return;
it	url-code	Esegui npm run build --watch, o apri C:\Users\doc\README.md.
it	long-paragraph	Il mercato di porta Palazzo si sveglia prima dell'alba, quando i camion rombano ancora sul selciato. I fruttivendoli dispongono le piramidi di arance con una cura che sfida la fisica. La casalinga del primo turno sceglie con occhio clinico, tocca, interroga, decide. Verso le nove arrivano quelli che hanno tempo, e il mercato rallenta di un punto e mezzo. A mezzogiorno il calore scaccia i titubanti e i banchi si arrendono fino al tardo pomeriggio. È un rito che non compare in nessuna guida, e proprio per questo resiste.
it	long-paragraph	La trattoria di via de' Mille apriva a mezzogiorno in punto, e chi arrivava alle dodici e un quarto trovava posto, ma non salute. Il proprietario riconosceva i clienti dal rumore dei loro passi, prima ancora di vederli. Il vino arrivava in fiaschi senza etichetta e il menù era scritto dalla stessa mano da trent'anni. Si parlava di calcio, di politica e di un vicino che aveva comprato un'automobile strana. Nessuno si chiedeva davvero perché si continuasse a tornare. Il conto restava fermo, come il fiume sotto i ponti d'inverno.
it	speed-transition	Aspetta — no. Questo... questo non va. Fermati. Guarda. Vai!
it	speed-transition	Uno. Due... tre? No — quattro. Quattro, quattro, quattro.
pt-br	name	A Dra. Costa e o Sr. Oliveira se conheceram em São Paulo numa terça.
pt-br	name	Machado de Assis, Cecília Meireles e Guimarães Rosa moravam perto.
pt-br	name	O coronel Nogueira, a rainha Isabel II e Santo Antônio aparecem no texto.
pt-br	honorific	Sra. Dalloway, Dr. Watson e Prof. Higgins chegaram ao meio-dia.
pt-br	honorific	O Sr. Oliveira perguntou à Profa. Costa pelo Dr. Barbosa.
pt-br	abbreviation	Ela leu p. ex. o primeiro capítulo, isto é, a pág. 5, e anotou o etc.
pt-br	abbreviation	Os EUA e o Reino Unido se reuniram aprox. às 8h da manhã.
pt-br	number	Havia 1.204.567 pessoas; 3,14159 é pi; e 0,5% é metade.
pt-br	number	A temperatura caiu a −5 graus e subiu 2,5 graus por volta das 9h45.
pt-br	number	A chance era de 3 para 1, a resposta 42, e 0,5% é meia medida.
pt-br	date	Em 03/04/2024, ou 4 de março de 2024, se encontraram; era 21 de maio.
pt-br	date	Em 25 de dezembro de 1999 saiu a 2ª edição; em 21/5, a terceira.
pt-br	date	Nos anos 1990, em 25/12, tudo fechava; em 2024, nada.
pt-br	currency	Custava R$ 1.234,56, ou € 99,95, ou £ 50.
pt-br	currency	Gorjeta de 15% sobre R$ 45,00, e 20 centavos economizados.
pt-br	currency	O preço subiu de R$ 1.234,56 para R$ 1.400,00 em um ano.
pt-br	measurement	A sala tinha 12 pés por 8 m; pesava 2,5 kg e cabiam 3 l.
pt-br	measurement	Dirija 5 km para o norte a 90 km/h com 36 °C na sombra.
pt-br	measurement	Pesava 90 kg e corria a 15 km/h a 20 °C.
pt-br	roman-numeral	O capítulo IV começa na linha xlii; D. Pedro II governou.
pt-br	roman-numeral	Veja a seção 2.b, subseção iii, parágrafo XIX.
pt-br	roman-numeral	Luís XIV encontrou Isabel II; o papa Pio XII observava.
pt-br	dialogue	Ele disse: "Não posso — bem, não quero." Ela respondeu: "Você vem?"
pt-br	dialogue	"Cuidado", disse ele. "Cuidado... sempre, sempre."
pt-br	dialogue	— Você veio? — Vim. E trouxe os bilhetes, claro.
pt-br	heading	CAPÍTULO UM: Uma festa inesperada
pt-br	heading	PARTE SEGUNDA — A estrada continua
pt-br	heading	Apêndice A: Guia de pronúncia
pt-br	footnote	Veja a nota 1 para detalhes.¹
pt-br	footnote	A afirmação é contestada.² Outros estudiosos discordam.³
pt-br	footnote	Como mostra a tabela 2†, a tendência se mantém.‡
pt-br	page-furniture	Página 42 de 320 — continuação da anterior — fim do capítulo.
pt-br	page-furniture	Pág. 137 de 512, linhas 8-19, cabeçalho: A Sociedade
pt-br	page-furniture	Página 89 — em branco no original — veja a pág. 90.
pt-br	url-code	Visite https://example.com/caminho?q=1&x=2 ou escreva para a@b.co.
pt-br	url-code	A variável x_1 vale foo(bar, 2); if (a && b) return;
pt-br	url-code	Execute npm run build --watch, ou abra C:\Users\doc\README.md.
pt-br	long-paragraph	O mercado municipal abre às cinco, quando os caminhões ainda estalam no paralelepípedo. Os feirantes armam pirâmides de laranjas com uma paciência que desafia a física. O comprador da primeira leva escolhe com olho clínico, aperta, pergunta, decide. Por volta das oito chegam os que têm tempo, e o mercado desacelera meio ponto. Ao meio-dia o calor espanta os tímidos e as barracas se rendem até a tarde. É um rito que não aparece em guia nenhum, e é justamente por isso que dura.
pt-br	long-paragraph	A casa da rua do Limoeiro passara anos fechada quando os funcionários da prefeitura a abriram por engano. Lá dentro, a poeira cobria tudo com uma pátina cinzenta, e os móveis guardavam ainda a forma de seus donos. Sobre a mesa, duas xícaras e um jornal de doze de outubro de mil novecentos e sessenta e dois. Ninguém soube explicar o que fora feito do último morador, embora as vizinhas tivessem teorias de todas as espécies. O tempo naquela casa não tinha passado: ficara sentado, esperando, como os móveis. Quando fecharam a porta, a rua recuperou o silêncio antigo e as teorias cresceram um pouco.
pt-br	speed-transition	Espera — não. Isso... isso não está certo. Para. Olha. Vai!
pt-br	speed-transition	Um. Dois... três? Não — quatro. Quatro, quatro, quatro.
ja	name	田中太郎さんと佐藤花子さんが東京で会いました。
ja	name	山田一郎と鈴木美咲は大阪駅で待ち合わせました。
ja	name	エルヴィス・プレスリー、マリア・テレサ、聖徳太子が登場します。
ja	honorific	田中様、佐藤先生、そして鈴木さんが正午に到着しました。
ja	honorific	社長の田中、部長の山田、そして課長の鈴木が会議に出席しました。
ja	abbreviation	例えば第1章、すなわち5ページを読んで、などとメモしました。
ja	abbreviation	NHK、NPO、ODAといった略語はそのまま読み上げられます。
ja	number	人口は1,204,567人；円周率は3.14159；0.5%は半分です。
ja	number	気温はマイナス5度まで下がり、9時45分に2.5度上がりました。
ja	number	確率は3対1、答えは42、そして0.5%は半分です。
ja	date	2024年3月4日に会い、5月21日には大阪にいました。
ja	date	1999年12月25日に第2版が出ました。
ja	date	3/4/2024、つまり2024年3月4日のことです。
ja	currency	それは1,234,567円、または99.95ユーロ、または50ポンドでした。
ja	currency	4,500円に15%のチップを足し、20円得しました。
ja	currency	価格は一年で1,234,567円から1,400,000円に上がりました。
ja	measurement	部屋は12フィート×8メートル；重さ2.5キログラム、容量3リットル。
ja	measurement	北へ5キロ、時速90キロで、気温は摂氏36度でした。
ja	measurement	重さ90キロ、時速15キロ、気温20度で走りました。
ja	roman-numeral	第IV章は42行目から始まる；ルイ14世が統治した。
ja	roman-numeral	第2章b節、iii項、XIX段落を参照。
ja	roman-numeral	ルイ14世はエリザベス2世に会った；法王ピウス12世が見ていた。
ja	dialogue	彼は言った。「できない——いや、したくない」。彼女は答えた。「来ますか？」
ja	dialogue	「待って——違う。それは... そうじゃない」。彼は止まった。
hi	currency	₹45 पर 15% बख्शीश, और 20 पैसे बचे।
ja	heading	第一章　思いがけないパーティー
ja	heading	第二部　旅は続く
ja	heading	付録A　発音ガイド
ja	footnote	詳細は注1を参照。¹
ja	footnote	この説には異論がある。² 他の研究者も同意しない。³
ja	footnote	表2†が示すとおり、傾向は続いている。‡
ja	page-furniture	42ページ／320ページ — 前ページから続く — 章の終わり。
ja	page-furniture	137ページ、8〜19行、柱：旅の仲間
ja	page-furniture	89ページ — 原本では白紙 — 90ページを参照。
ja	url-code	https://example.com/path?q=1&x=2 を訪れるか、a@b.co にメールを。
ja	url-code	変数 x_1 は foo(bar, 2) と等しい；if (a && b) return;
ja	url-code	npm run build --watch を実行するか、C:\Users\doc\README.md を開く。
ja	long-paragraph	朝の魚市場は日の出前に始まる。トラックが石畳の上でまだ轟いているうちに、仲買人が台に氷を敷き詰める。最初の買い物客は値段を確かめ、押して、尋ねて、決める。九時ごろには時間のある人たちがやってきて、市場は半分の速度になる。正午の暑さが迷う人を追い払い、店は夕方まで幕を下ろす。どんな観光案内にも載っていない儀式であり、だからこそ続いているのだ。
ja	long-paragraph	図書館は子どもの頃のままではなかった。昔の棚には祖父の説教集が並んでいたが、今は背の割れた文庫本が並んでいる。彼女はテーブルの間をゆっくり歩き、母が冬の夜に声を出して読んでくれた本を思い出した。貸出の窓口では、女性がマイクロフィルムについての質問に根気よく答えていた。ついに区の記録帳を見つけ、緑の布表紙のそれを、光の最も良い場所に置いて腰を下ろした。顔を上げたとき、窓は暗くなっていて、用務員が鍵を持って待っていた。
ja	speed-transition	待って——違う。それは... そうじゃない。止まれ。見ろ。行け！
ja	speed-transition	一、二...三？いや——四。四、四、四。
cmn	name	王小明和李华在北京见了面。
cmn	name	张伟、王芳和刘强都参加了那次会议。
cmn	name	猫王、伊丽莎白二世和圣保罗都出现在正文里。
cmn	honorific	王女士、李教授和张老师中午到达。
cmn	honorific	张先生向李女士打听王博士的消息。
cmn	abbreviation	她读了例如第一章，即第5页，还记下了等等。
cmn	abbreviation	GDP、CPI和CEO都是缩写词。
cmn	number	有1,204,567人；π是3.14159；0.5%是一半。
cmn	number	气温降到了零下5度，9点45分回升了2.5度。
cmn	number	赔率是3比1，答案是42，0.5%是一半。
cmn	date	他们在2024年3月4日见面；那天其实是5月21日。
cmn	date	1999年12月25日，第二版出版了。
cmn	date	3/4/2024，也就是2024年3月4日。
cmn	currency	它花了1,234.56元，或99.95欧元，或50英镑。
cmn	currency	在45元上加了15%的小费，省了2角钱。
cmn	currency	价格一年内从1,234.56元涨到了1,400元。
cmn	measurement	房间长12英尺宽8米；重2.5公斤，容量3升。
cmn	measurement	向北开5公里，时速90公里，气温36摄氏度。
cmn	measurement	体重90公斤，时速15公里，气温20度。
cmn	roman-numeral	第IV章从第42行开始；亨利八世在位。
cmn	roman-numeral	见第2章b节、第iii小节、第XIX段。
cmn	roman-numeral	路易十四见过伊丽莎白二世；教皇庇护十二世在位。
cmn	dialogue	他说："我不能——好吧，我不愿意。"她回答："你来吗？"
cmn	dialogue	"小心，"他说，"小心......永远都小心。"
cmn	dialogue	——你来了？——来了。票也带来了，当然。
cmn	heading	第一章：一场意外的宴会
cmn	heading	第二部——路还在继续
cmn	heading	附录A：发音指南
cmn	footnote	详情见注1。¹
cmn	footnote	这一说法有争议。² 其他学者不同意。³
cmn	footnote	如表2†所示，趋势仍在持续。‡
cmn	page-furniture	第42页，共320页 —— 接上页 —— 本章完。
cmn	page-furniture	第137页，第8-19行，书眉：远征队
cmn	page-furniture	第89页 —— 原版此处空白 —— 见第90页。
cmn	url-code	访问 https://example.com/path?q=1&x=2 或发邮件给 a@b.co。
cmn	url-code	变量 x_1 等于 foo(bar, 2)；if (a && b) return;
cmn	url-code	运行 npm run build --watch，或打开 C:\Users\doc\README.md。
cmn	long-paragraph	菜市场在天亮之前就开始了。卡车还在人行道上轰隆作响，摊主已经把橙子堆成小山。第一批顾客挑得很仔细，捏一捏，问一问，然后才决定。到了八点，不赶时间的人来了，市场慢了半拍。中午的日头把犹豫的人晒走了，摊子一直歇到下午。这是任何旅游指南都不写的一场仪式，也正因为如此，它才长久。
cmn	long-paragraph	小区的旧书店换了三次主人，招牌却还是原来那一块。书架上的书从来没按字母排过，老板说按记忆排找得更快。买书的老人坐在窗边，一坐就是一下午。有人来找五十年前的地图，有人只来借一支铅笔。老板娘从不催促，也不多问。关灯的时候，整条街安静下来，像一本厚书被合上了。
cmn	speed-transition	等等——不对。那个......那个不对。停。看。走！
cmn	speed-transition	一。二......三？不——四。四，四，四。
hi	name	डॉ. शर्मा और श्री गुप्ता दिल्ली में मिले।
hi	name	राम, सीता और लक्ष्मण अयोध्या गए।
hi	name	एल्विस प्रेस्ली, एलिज़ाबेथ द्वितीय और संत पॉल पुस्तक में हैं।
hi	honorific	श्रीमती दल्लो, डॉ. वर्मा और प्रोफेसर मेहरा दोपहर में पहुँचे।
hi	honorific	श्रीमान गुप्ता जी ने श्रीमती राव से डॉ. अय्यर के बारे में पूछा।
hi	abbreviation	उन्होंने जैसे पहला अध्याय, अर्थात् पृष्ठ 5, पढ़ा और आदि नोट किया।
hi	abbreviation	भारत, यू.के. और यू.एस. के प्रतिनिधि सुबह 8 बजे मिले।
hi	number	वहाँ 1,204,567 लोग थे; पाई 3.14159 है; और 0.5% आधा है।
hi	number	तापमान घटकर −5 डिग्री हुआ, फिर 9:45 बजे 2.5 डिग्री बढ़ा।
hi	number	ऑक्स 3 के बदले 1 था, उत्तर 42 था, और 0.5% आधा है।
hi	date	3/4/2024 को, यानी 4 मार्च 2024 को, वे मिले; 21 मई था।
hi	date	25 दिसंबर 1999 को दूसरा संस्करण निकला।
hi	date	सन् 1999 में, 25/12 को, सब बंद था; 2024 में, कुछ नहीं।
hi	currency	इसकी कीमत ₹1,234.56, या €99.95, या £50 थी।
hi	currency	₹45 पर 15% बख्शीश, और 20 पैसे बचे।
hi	number	कीमत एक साल में ₹1,234.56 से ₹1,400 हो गई।
hi	measurement	कमरा 12 फीट × 8 मीटर था; वज़न 2.5 किलो, क्षमता 3 लीटर।
hi	measurement	उत्तर में 5 किमी, 90 किमी/घंटा की रफ़्तार, छाया में 36 डिग्री।
hi	measurement	वज़न 90 किलो, रफ़्तार 15 किमी/घंटा, तापमान 20 डिग्री।
hi	roman-numeral	अध्याय IV पंक्ति xlii से शुरू होता है; राजा हेनरी VIII ने शासन किया।
hi	roman-numeral	खंड 2.b, उपखंड iii, अनुच्छेद XIX देखें।
hi	roman-numeral	लुई चौदहवें मिले एलिज़ाबेथ द्वितीय से; पोप पायस बारहवें ने देखा।
hi	dialogue	उन्होंने कहा, "मैं नहीं कर सकता — नहीं, नहीं करूँगा।" उसने जवाब दिया, "आओगे?"
hi	dialogue	"सावधान," उसने कहा। "सावधान... हर बार, हर बार।"
hi	dialogue	— आए? — आया। और टिकट भी लाया, बिलकुल।
hi	heading	अध्याय एक: एक अनचाही दावत
hi	heading	दूसरा भाग — राह चलती जाती है
hi	heading	परिशिष्ट A: उच्चारण गाइड
hi	footnote	विवरण के लिए टिप्पणी 1 देखें।¹
hi	footnote	यह दावा विवादित है।² अन्य विद्वान असहमत हैं।³
hi	footnote	जैसा तालिका 2† दिखाती है, रुझान बना हुआ है।‡
hi	page-furniture	पृष्ठ 42 / 320 — पिछले से जारी — अध्याय समाप्त।
hi	page-furniture	पृष्ठ 137, पंक्तियाँ 8-19, शीर्ष: संगत
hi	page-furniture	पृष्ठ 89 — मूल में रिक्त — पृष्ठ 90 देखें।
hi	url-code	https://example.com/path?q=1&x=2 देखें या a@b.co पर लिखें।
hi	url-code	चर x_1 = foo(bar, 2); if (a && b) return;
hi	url-code	npm run build --watch चलाएँ, या C:\Users\doc\README.md खोलें।
hi	long-paragraph	सुबह का बाज़ार सूरज उगने से पहले शुरू हो जाता है। ट्रक अभी गली में गरज रहे होते हैं और ठेलेवाले संतरों के ढेर लगा चुके होते हैं। पहली फ़ेरी के ग्राहक दबाकर देखते हैं, पूछते हैं, फिर तय करते हैं। आठ बजे वे लोग आते हैं जिनके पास समय है, और बाज़ार आधी रफ़्तार पर आ जाता है। दोपहर की धूप संकोची लोगों को भगा देती है और दुकानें शाम तक सो जाती हैं। यह वह रीति है जो किसी गाइड में नहीं लिखी, और इसीलिए टिकी हुई है।
hi	long-paragraph	मोहल्ले की पुरानी किताबों की दुकान तीन बार बदली, पर बोर्ड वही रहा। अलमारियों की किताबें कभी वर्णानुक्रम से नहीं लगी थीं; दुकानदार कहता था याद से जल्दी मिलती हैं। बुज़ुर्ग खरीदार खिड़की के पास बैठते थे और आधी दोपहर वैसे ही बीत जाती थी। कोई पचास साल पुराना नक़्शा माँगता था, कोई सिर्फ़ एक पेंसिल उधार। दुकानदार कभी जल्दी नहीं करता था। बत्ती बुझते ही गली वैसे शांत हो जाती थी जैसे कोई मोटी किताब बंद हो जाती है।
hi	speed-transition	रुको — नहीं। वह... वह ठीक नहीं। रुको। देखो। चलो!
hi	speed-transition	एक। दो... तीन? नहीं — चार। चार, चार, चार।
